jobID,  modelID,  status,  completionReason,  startTime,  endTime,  runtime(s),  expDesc,  numRecords,  modelParams|sensorParams|encoders|field18:n,  modelParams|sensorParams|encoders|field19:n,  modelParams|sensorParams|encoders|_classifierInput|n,  modelParams|sensorParams|encoders|field22:n,  modelParams|sensorParams|encoders|field1:n,  modelParams|clParams|alpha,  modelParams|sensorParams|encoders|field23:n,  modelParams|sensorParams|encoders|field3:n,  modelParams|sensorParams|encoders|field5:n,  modelParams|sensorParams|encoders|field21:n,  modelParams|sensorParams|encoders|field2:n,  modelParams|sensorParams|encoders|field12:n,  modelParams|sensorParams|encoders|field6:n,  modelParams|sensorParams|encoders|field20:n,  modelParams|sensorParams|encoders|field4:n,  modelParams|sensorParams|encoders|field24:n,  modelParams|sensorParams|encoders|field8:n,  modelParams|sensorParams|encoders|field10:n,  modelParams|sensorParams|encoders|field7:n,  modelParams|sensorParams|encoders|field16:n,  modelParams|sensorParams|encoders|field9:n,  modelParams|sensorParams|encoders|field11:n,  modelParams|sensorParams|encoders|field15:n,  modelParams|sensorParams|encoders|field13:n,  modelParams|sensorParams|encoders|field17:n,  multiStepBestPredictions:multiStep:errorMetric='aae':steps=[0]:window=1000:field=classification,  multiStepBestPredictions:multiStep:errorMetric='altMAPE':steps=[0]:window=1000:field=classification, 
1010,  8030,  completed,  eof,  2016-05-24 12:37:46,  2016-05-24 12:38:35,  49,  modelParams|sensorParams|encoders|field1:n_272.modelParams|clParams|alpha_0.05005.modelParams|sensorParams|encoders|_classifierInput|n_275,  4000,  None,  None,  275,  None,  272,  0.05005,  None,  None,  None,  None,  None,  None,  None,  None,  None,  None,  None,  None,  None,  None,  None,  None,  None,  None,  None,  0.0,  0.0, 
1010,  8039,  completed,  eof,  2016-05-24 12:37:46,  2016-05-24 12:38:28,  42,  modelParams|sensorParams|encoders|field10:n_272.modelParams|sensorParams|encoders|_classifierInput|n_275.modelParams|clParams|alpha_0.05005,  4000,  None,  None,  275,  None,  None,  0.05005,  None,  None,  None,  None,  None,  None,  None,  None,  None,  None,  None,  272,  None,  None,  None,  None,  None,  None,  None,  0.0,  0.0, 
1010,  8092,  completed,  eof,  2016-05-24 12:37:47,  2016-05-24 12:38:29,  42,  modelParams|clParams|alpha_0.05005.modelParams|sensorParams|encoders|_classifierInput|n_275.modelParams|sensorParams|encoders|field11:n_272,  4000,  None,  None,  275,  None,  None,  0.05005,  None,  None,  None,  None,  None,  None,  None,  None,  None,  None,  None,  None,  None,  None,  None,  272,  None,  None,  None,  0.0,  0.0, 
1010,  8093,  completed,  eof,  2016-05-24 12:37:47,  2016-05-24 12:38:31,  44,  modelParams|sensorParams|encoders|field12:n_272.modelParams|clParams|alpha_0.05005.modelParams|sensorParams|encoders|_classifierInput|n_275,  4000,  None,  None,  275,  None,  None,  0.05005,  None,  None,  None,  None,  None,  272,  None,  None,  None,  None,  None,  None,  None,  None,  None,  None,  None,  None,  None,  0.0,  0.0, 
1010,  8134,  completed,  eof,  2016-05-24 12:37:49,  2016-05-24 12:38:31,  42,  modelParams|clParams|alpha_0.05005.modelParams|sensorParams|encoders|_classifierInput|n_275.modelParams|sensorParams|encoders|field13:n_272,  4000,  None,  None,  275,  None,  None,  0.05005,  None,  None,  None,  None,  None,  None,  None,  None,  None,  None,  None,  None,  None,  None,  None,  None,  None,  272,  None,  0.0,  0.0, 
1010,  8165,  completed,  eof,  2016-05-24 12:37:50,  2016-05-24 12:38:35,  45,  modelParams|clParams|alpha_0.05005.modelParams|sensorParams|encoders|field15:n_272.modelParams|sensorParams|encoders|_classifierInput|n_275,  4000,  None,  None,  275,  None,  None,  0.05005,  None,  None,  None,  None,  None,  None,  None,  None,  None,  None,  None,  None,  None,  None,  None,  None,  272,  None,  None,  0.0,  0.0, 
1010,  8186,  completed,  eof,  2016-05-24 12:37:51,  2016-05-24 12:38:35,  44,  modelParams|sensorParams|encoders|_classifierInput|n_275.modelParams|clParams|alpha_0.05005.modelParams|sensorParams|encoders|field16:n_272,  4000,  None,  None,  275,  None,  None,  0.05005,  None,  None,  None,  None,  None,  None,  None,  None,  None,  None,  None,  None,  None,  272,  None,  None,  None,  None,  None,  0.0,  0.0, 
1010,  8197,  completed,  eof,  2016-05-24 12:37:52,  2016-05-24 12:38:36,  44,  modelParams|sensorParams|encoders|field17:n_272.modelParams|clParams|alpha_0.05005.modelParams|sensorParams|encoders|_classifierInput|n_275,  4000,  None,  None,  275,  None,  None,  0.05005,  None,  None,  None,  None,  None,  None,  None,  None,  None,  None,  None,  None,  None,  None,  None,  None,  None,  None,  272,  0.0,  0.0, 
1010,  8198,  completed,  eof,  2016-05-24 12:38:28,  2016-05-24 12:39:24,  56,  modelParams|clParams|alpha_0.05005.modelParams|sensorParams|encoders|_classifierInput|n_275.modelParams|sensorParams|encoders|field18:n_272,  4000,  272,  None,  275,  None,  None,  0.05005,  None,  None,  None,  None,  None,  None,  None,  None,  None,  None,  None,  None,  None,  None,  None,  None,  None,  None,  None,  0.0,  0.0, 
1010,  8199,  completed,  eof,  2016-05-24 12:38:29,  2016-05-24 12:39:26,  57,  modelParams|clParams|alpha_0.05005.modelParams|sensorParams|encoders|_classifierInput|n_275.modelParams|sensorParams|encoders|field19:n_272,  4000,  None,  272,  275,  None,  None,  0.05005,  None,  None,  None,  None,  None,  None,  None,  None,  None,  None,  None,  None,  None,  None,  None,  None,  None,  None,  None,  0.0,  0.0, 
1010,  8200,  completed,  eof,  2016-05-24 12:38:31,  2016-05-24 12:39:31,  60,  modelParams|clParams|alpha_0.05005.modelParams|sensorParams|encoders|_classifierInput|n_275.modelParams|sensorParams|encoders|field2:n_272,  4000,  None,  None,  275,  None,  None,  0.05005,  None,  None,  None,  None,  272,  None,  None,  None,  None,  None,  None,  None,  None,  None,  None,  None,  None,  None,  None,  0.0,  0.0, 
1010,  8211,  completed,  eof,  2016-05-24 12:38:33,  2016-05-24 12:39:30,  57,  modelParams|clParams|alpha_0.05005.modelParams|sensorParams|encoders|_classifierInput|n_275.modelParams|sensorParams|encoders|field20:n_272,  4000,  None,  None,  275,  None,  None,  0.05005,  None,  None,  None,  None,  None,  None,  None,  272,  None,  None,  None,  None,  None,  None,  None,  None,  None,  None,  None,  0.0,  0.0, 
1010,  8212,  completed,  eof,  2016-05-24 12:38:35,  2016-05-24 12:39:42,  67,  modelParams|sensorParams|encoders|field21:n_272.modelParams|sensorParams|encoders|_classifierInput|n_275.modelParams|clParams|alpha_0.05005,  4000,  None,  None,  275,  None,  None,  0.05005,  None,  None,  None,  272,  None,  None,  None,  None,  None,  None,  None,  None,  None,  None,  None,  None,  None,  None,  None,  0.0,  0.0, 
1010,  8213,  completed,  eof,  2016-05-24 12:38:36,  2016-05-24 12:39:34,  58,  modelParams|clParams|alpha_0.05005.modelParams|sensorParams|encoders|_classifierInput|n_275.modelParams|sensorParams|encoders|field22:n_272,  4000,  None,  None,  275,  272,  None,  0.05005,  None,  None,  None,  None,  None,  None,  None,  None,  None,  None,  None,  None,  None,  None,  None,  None,  None,  None,  None,  0.0,  0.0, 
1010,  8224,  completed,  eof,  2016-05-24 12:38:37,  2016-05-24 12:39:43,  66,  modelParams|sensorParams|encoders|field23:n_272.modelParams|clParams|alpha_0.05005.modelParams|sensorParams|encoders|_classifierInput|n_275,  4000,  None,  None,  275,  None,  None,  0.05005,  272,  None,  None,  None,  None,  None,  None,  None,  None,  None,  None,  None,  None,  None,  None,  None,  None,  None,  None,  0.0,  0.0, 
1010,  8235,  completed,  eof,  2016-05-24 12:38:38,  2016-05-24 12:39:39,  61,  modelParams|clParams|alpha_0.05005.modelParams|sensorParams|encoders|field24:n_272.modelParams|sensorParams|encoders|_classifierInput|n_275,  4000,  None,  None,  275,  None,  None,  0.05005,  None,  None,  None,  None,  None,  None,  None,  None,  None,  272,  None,  None,  None,  None,  None,  None,  None,  None,  None,  0.0,  0.0, 
1010,  8236,  completed,  eof,  2016-05-24 12:39:24,  2016-05-24 12:40:34,  70,  modelParams|clParams|alpha_0.05005.modelParams|sensorParams|encoders|field3:n_272.modelParams|sensorParams|encoders|_classifierInput|n_275,  4000,  None,  None,  275,  None,  None,  0.05005,  None,  272,  None,  None,  None,  None,  None,  None,  None,  None,  None,  None,  None,  None,  None,  None,  None,  None,  None,  0.0,  0.0, 
1010,  8237,  completed,  eof,  2016-05-24 12:39:27,  2016-05-24 12:40:39,  72,  modelParams|sensorParams|encoders|field4:n_272.modelParams|clParams|alpha_0.05005.modelParams|sensorParams|encoders|_classifierInput|n_275,  4000,  None,  None,  275,  None,  None,  0.05005,  None,  None,  None,  None,  None,  None,  None,  None,  272,  None,  None,  None,  None,  None,  None,  None,  None,  None,  None,  0.0,  0.0, 
1010,  8238,  completed,  eof,  2016-05-24 12:39:31,  2016-05-24 12:40:42,  71,  modelParams|clParams|alpha_0.05005.modelParams|sensorParams|encoders|_classifierInput|n_275.modelParams|sensorParams|encoders|field5:n_272,  4000,  None,  None,  275,  None,  None,  0.05005,  None,  None,  272,  None,  None,  None,  None,  None,  None,  None,  None,  None,  None,  None,  None,  None,  None,  None,  None,  0.0,  0.0, 
1010,  8249,  completed,  eof,  2016-05-24 12:39:33,  2016-05-24 12:40:45,  72,  modelParams|sensorParams|encoders|field6:n_272.modelParams|sensorParams|encoders|_classifierInput|n_275.modelParams|clParams|alpha_0.05005,  4000,  None,  None,  275,  None,  None,  0.05005,  None,  None,  None,  None,  None,  None,  272,  None,  None,  None,  None,  None,  None,  None,  None,  None,  None,  None,  None,  0.0,  0.0, 
1010,  8250,  completed,  eof,  2016-05-24 12:39:34,  2016-05-24 12:40:46,  72,  modelParams|clParams|alpha_0.05005.modelParams|sensorParams|encoders|_classifierInput|n_275.modelParams|sensorParams|encoders|field7:n_272,  4000,  None,  None,  275,  None,  None,  0.05005,  None,  None,  None,  None,  None,  None,  None,  None,  None,  None,  None,  None,  272,  None,  None,  None,  None,  None,  None,  0.0,  0.0, 
1010,  8251,  completed,  eof,  2016-05-24 12:39:40,  2016-05-24 12:40:52,  72,  modelParams|sensorParams|encoders|_classifierInput|n_275.modelParams|clParams|alpha_0.05005.modelParams|sensorParams|encoders|field8:n_272,  4000,  None,  None,  275,  None,  None,  0.05005,  None,  None,  None,  None,  None,  None,  None,  None,  None,  None,  272,  None,  None,  None,  None,  None,  None,  None,  None,  0.0,  0.0, 
1010,  8252,  completed,  eof,  2016-05-24 12:39:43,  2016-05-24 12:40:56,  73,  modelParams|sensorParams|encoders|field9:n_272.modelParams|clParams|alpha_0.05005.modelParams|sensorParams|encoders|_classifierInput|n_275,  4000,  None,  None,  275,  None,  None,  0.05005,  None,  None,  None,  None,  None,  None,  None,  None,  None,  None,  None,  None,  None,  None,  272,  None,  None,  None,  None,  0.0,  0.0, 
1010,  8253,  completed,  eof,  2016-05-24 12:39:44,  2016-05-24 12:40:53,  69,  modelParams|sensorParams|encoders|field1:n_22.modelParams|clParams|alpha_0.0001.modelParams|sensorParams|encoders|_classifierInput|n_28,  4000,  None,  None,  28,  None,  22,  0.0001,  None,  None,  None,  None,  None,  None,  None,  None,  None,  None,  None,  None,  None,  None,  None,  None,  None,  None,  None,  0.0,  0.0, 
1010,  8254,  completed,  eof,  2016-05-24 12:40:35,  2016-05-24 12:41:45,  70,  modelParams|sensorParams|encoders|field10:n_22.modelParams|sensorParams|encoders|_classifierInput|n_28.modelParams|clParams|alpha_0.0001,  4000,  None,  None,  28,  None,  None,  0.0001,  None,  None,  None,  None,  None,  None,  None,  None,  None,  None,  None,  22,  None,  None,  None,  None,  None,  None,  None,  0.0,  0.0, 
1010,  8255,  completed,  eof,  2016-05-24 12:40:40,  2016-05-24 12:41:48,  68,  modelParams|clParams|alpha_0.0001.modelParams|sensorParams|encoders|_classifierInput|n_28.modelParams|sensorParams|encoders|field11:n_22,  4000,  None,  None,  28,  None,  None,  0.0001,  None,  None,  None,  None,  None,  None,  None,  None,  None,  None,  None,  None,  None,  None,  None,  22,  None,  None,  None,  0.0,  0.0, 
1010,  8256,  completed,  eof,  2016-05-24 12:40:43,  2016-05-24 12:41:54,  71,  modelParams|sensorParams|encoders|field12:n_22.modelParams|clParams|alpha_0.0001.modelParams|sensorParams|encoders|_classifierInput|n_28,  4000,  None,  None,  28,  None,  None,  0.0001,  None,  None,  None,  None,  None,  22,  None,  None,  None,  None,  None,  None,  None,  None,  None,  None,  None,  None,  None,  0.0,  0.0, 
1010,  8257,  completed,  eof,  2016-05-24 12:40:46,  2016-05-24 12:41:57,  71,  modelParams|clParams|alpha_0.0001.modelParams|sensorParams|encoders|_classifierInput|n_28.modelParams|sensorParams|encoders|field13:n_22,  4000,  None,  None,  28,  None,  None,  0.0001,  None,  None,  None,  None,  None,  None,  None,  None,  None,  None,  None,  None,  None,  None,  None,  None,  None,  22,  None,  0.0,  0.0, 
1010,  8258,  completed,  eof,  2016-05-24 12:40:47,  2016-05-24 12:41:56,  69,  modelParams|clParams|alpha_0.0001.modelParams|sensorParams|encoders|field15:n_22.modelParams|sensorParams|encoders|_classifierInput|n_28,  4000,  None,  None,  28,  None,  None,  0.0001,  None,  None,  None,  None,  None,  None,  None,  None,  None,  None,  None,  None,  None,  None,  None,  None,  22,  None,  None,  0.0,  0.0, 
1010,  8259,  completed,  eof,  2016-05-24 12:40:52,  2016-05-24 12:42:02,  70,  modelParams|sensorParams|encoders|_classifierInput|n_28.modelParams|clParams|alpha_0.0001.modelParams|sensorParams|encoders|field16:n_22,  4000,  None,  None,  28,  None,  None,  0.0001,  None,  None,  None,  None,  None,  None,  None,  None,  None,  None,  None,  None,  None,  22,  None,  None,  None,  None,  None,  0.0,  0.0, 
1010,  8260,  completed,  eof,  2016-05-24 12:40:54,  2016-05-24 12:42:05,  71,  modelParams|sensorParams|encoders|field17:n_22.modelParams|clParams|alpha_0.0001.modelParams|sensorParams|encoders|_classifierInput|n_28,  4000,  None,  None,  28,  None,  None,  0.0001,  None,  None,  None,  None,  None,  None,  None,  None,  None,  None,  None,  None,  None,  None,  None,  None,  None,  None,  22,  0.0,  0.0, 
1010,  8261,  completed,  eof,  2016-05-24 12:40:57,  2016-05-24 12:42:05,  68,  modelParams|clParams|alpha_0.0001.modelParams|sensorParams|encoders|_classifierInput|n_28.modelParams|sensorParams|encoders|field18:n_22,  4000,  22,  None,  28,  None,  None,  0.0001,  None,  None,  None,  None,  None,  None,  None,  None,  None,  None,  None,  None,  None,  None,  None,  None,  None,  None,  None,  0.0,  0.0, 
1010,  8262,  completed,  eof,  2016-05-24 12:41:45,  2016-05-24 12:42:51,  66,  modelParams|clParams|alpha_0.0001.modelParams|sensorParams|encoders|_classifierInput|n_28.modelParams|sensorParams|encoders|field19:n_22,  4000,  None,  22,  28,  None,  None,  0.0001,  None,  None,  None,  None,  None,  None,  None,  None,  None,  None,  None,  None,  None,  None,  None,  None,  None,  None,  None,  0.0,  0.0, 
1010,  8263,  completed,  eof,  2016-05-24 12:41:49,  2016-05-24 12:43:00,  71,  modelParams|clParams|alpha_0.0001.modelParams|sensorParams|encoders|_classifierInput|n_28.modelParams|sensorParams|encoders|field2:n_22,  4000,  None,  None,  28,  None,  None,  0.0001,  None,  None,  None,  None,  22,  None,  None,  None,  None,  None,  None,  None,  None,  None,  None,  None,  None,  None,  None,  0.0,  0.0, 
1010,  8264,  completed,  eof,  2016-05-24 12:41:54,  2016-05-24 12:43:03,  69,  modelParams|clParams|alpha_0.0001.modelParams|sensorParams|encoders|_classifierInput|n_28.modelParams|sensorParams|encoders|field20:n_22,  4000,  None,  None,  28,  None,  None,  0.0001,  None,  None,  None,  None,  None,  None,  None,  22,  None,  None,  None,  None,  None,  None,  None,  None,  None,  None,  None,  0.0,  0.0, 
1010,  8265,  completed,  eof,  2016-05-24 12:41:57,  2016-05-24 12:43:07,  70,  modelParams|sensorParams|encoders|field21:n_22.modelParams|sensorParams|encoders|_classifierInput|n_28.modelParams|clParams|alpha_0.0001,  4000,  None,  None,  28,  None,  None,  0.0001,  None,  None,  None,  22,  None,  None,  None,  None,  None,  None,  None,  None,  None,  None,  None,  None,  None,  None,  None,  0.0,  0.0, 
1010,  8266,  completed,  eof,  2016-05-24 12:41:58,  2016-05-24 12:43:08,  70,  modelParams|clParams|alpha_0.0001.modelParams|sensorParams|encoders|_classifierInput|n_28.modelParams|sensorParams|encoders|field22:n_22,  4000,  None,  None,  28,  22,  None,  0.0001,  None,  None,  None,  None,  None,  None,  None,  None,  None,  None,  None,  None,  None,  None,  None,  None,  None,  None,  None,  0.0,  0.0, 
1010,  8267,  completed,  eof,  2016-05-24 12:42:03,  2016-05-24 12:43:11,  68,  modelParams|sensorParams|encoders|field23:n_22.modelParams|clParams|alpha_0.0001.modelParams|sensorParams|encoders|_classifierInput|n_28,  4000,  None,  None,  28,  None,  None,  0.0001,  22,  None,  None,  None,  None,  None,  None,  None,  None,  None,  None,  None,  None,  None,  None,  None,  None,  None,  None,  0.0,  0.0, 
1010,  8268,  completed,  eof,  2016-05-24 12:42:06,  2016-05-24 12:43:16,  70,  modelParams|clParams|alpha_0.0001.modelParams|sensorParams|encoders|field24:n_22.modelParams|sensorParams|encoders|_classifierInput|n_28,  4000,  None,  None,  28,  None,  None,  0.0001,  None,  None,  None,  None,  None,  None,  None,  None,  None,  22,  None,  None,  None,  None,  None,  None,  None,  None,  None,  0.0,  0.0, 
1010,  8279,  completed,  eof,  2016-05-24 12:42:07,  2016-05-24 12:43:19,  72,  modelParams|clParams|alpha_0.0001.modelParams|sensorParams|encoders|field3:n_22.modelParams|sensorParams|encoders|_classifierInput|n_28,  4000,  None,  None,  28,  None,  None,  0.0001,  None,  22,  None,  None,  None,  None,  None,  None,  None,  None,  None,  None,  None,  None,  None,  None,  None,  None,  None,  0.0,  0.0, 
1010,  8280,  completed,  eof,  2016-05-24 12:42:52,  2016-05-24 12:43:59,  67,  modelParams|sensorParams|encoders|field4:n_22.modelParams|clParams|alpha_0.0001.modelParams|sensorParams|encoders|_classifierInput|n_28,  4000,  None,  None,  28,  None,  None,  0.0001,  None,  None,  None,  None,  None,  None,  None,  None,  22,  None,  None,  None,  None,  None,  None,  None,  None,  None,  None,  0.0,  0.0, 
1010,  8281,  completed,  eof,  2016-05-24 12:43:01,  2016-05-24 12:44:05,  64,  modelParams|clParams|alpha_0.0001.modelParams|sensorParams|encoders|_classifierInput|n_28.modelParams|sensorParams|encoders|field5:n_22,  4000,  None,  None,  28,  None,  None,  0.0001,  None,  None,  22,  None,  None,  None,  None,  None,  None,  None,  None,  None,  None,  None,  None,  None,  None,  None,  None,  0.0,  0.0, 
1010,  8282,  completed,  eof,  2016-05-24 12:43:04,  2016-05-24 12:44:07,  63,  modelParams|sensorParams|encoders|field6:n_22.modelParams|sensorParams|encoders|_classifierInput|n_28.modelParams|clParams|alpha_0.0001,  4000,  None,  None,  28,  None,  None,  0.0001,  None,  None,  None,  None,  None,  None,  22,  None,  None,  None,  None,  None,  None,  None,  None,  None,  None,  None,  None,  0.0,  0.0, 
1010,  8283,  completed,  eof,  2016-05-24 12:43:07,  2016-05-24 12:44:09,  62,  modelParams|clParams|alpha_0.0001.modelParams|sensorParams|encoders|_classifierInput|n_28.modelParams|sensorParams|encoders|field7:n_22,  4000,  None,  None,  28,  None,  None,  0.0001,  None,  None,  None,  None,  None,  None,  None,  None,  None,  None,  None,  None,  22,  None,  None,  None,  None,  None,  None,  0.0,  0.0, 
1010,  8284,  completed,  eof,  2016-05-24 12:43:09,  2016-05-24 12:44:11,  62,  modelParams|sensorParams|encoders|_classifierInput|n_28.modelParams|clParams|alpha_0.0001.modelParams|sensorParams|encoders|field8:n_22,  4000,  None,  None,  28,  None,  None,  0.0001,  None,  None,  None,  None,  None,  None,  None,  None,  None,  None,  22,  None,  None,  None,  None,  None,  None,  None,  None,  0.0,  0.0, 
1010,  8285,  completed,  eof,  2016-05-24 12:43:12,  2016-05-24 12:44:11,  59,  modelParams|sensorParams|encoders|field9:n_22.modelParams|clParams|alpha_0.0001.modelParams|sensorParams|encoders|_classifierInput|n_28,  4000,  None,  None,  28,  None,  None,  0.0001,  None,  None,  None,  None,  None,  None,  None,  None,  None,  None,  None,  None,  None,  None,  22,  None,  None,  None,  None,  0.0,  0.0, 
1010,  8286,  completed,  eof,  2016-05-24 12:43:17,  2016-05-24 12:44:18,  61,  modelParams|sensorParams|encoders|field1:n_521.modelParams|clParams|alpha_0.1.modelParams|sensorParams|encoders|_classifierInput|n_521,  4000,  None,  None,  521,  None,  521,  0.1,  None,  None,  None,  None,  None,  None,  None,  None,  None,  None,  None,  None,  None,  None,  None,  None,  None,  None,  None,  0.0,  0.0, 
1010,  8287,  completed,  eof,  2016-05-24 12:43:20,  2016-05-24 12:44:19,  59,  modelParams|sensorParams|encoders|field10:n_521.modelParams|sensorParams|encoders|_classifierInput|n_521.modelParams|clParams|alpha_0.1,  4000,  None,  None,  521,  None,  None,  0.1,  None,  None,  None,  None,  None,  None,  None,  None,  None,  None,  None,  521,  None,  None,  None,  None,  None,  None,  None,  0.0,  0.0, 
1010,  8288,  completed,  eof,  2016-05-24 12:43:59,  2016-05-24 12:44:58,  59,  modelParams|clParams|alpha_0.1.modelParams|sensorParams|encoders|_classifierInput|n_521.modelParams|sensorParams|encoders|field11:n_521,  4000,  None,  None,  521,  None,  None,  0.1,  None,  None,  None,  None,  None,  None,  None,  None,  None,  None,  None,  None,  None,  None,  None,  521,  None,  None,  None,  0.0,  0.0, 
1010,  8289,  completed,  eof,  2016-05-24 12:44:05,  2016-05-24 12:45:11,  66,  modelParams|sensorParams|encoders|field12:n_521.modelParams|clParams|alpha_0.1.modelParams|sensorParams|encoders|_classifierInput|n_521,  4000,  None,  None,  521,  None,  None,  0.1,  None,  None,  None,  None,  None,  521,  None,  None,  None,  None,  None,  None,  None,  None,  None,  None,  None,  None,  None,  0.0,  0.0, 
1010,  8290,  completed,  eof,  2016-05-24 12:44:07,  2016-05-24 12:45:14,  67,  modelParams|clParams|alpha_0.1.modelParams|sensorParams|encoders|_classifierInput|n_521.modelParams|sensorParams|encoders|field13:n_521,  4000,  None,  None,  521,  None,  None,  0.1,  None,  None,  None,  None,  None,  None,  None,  None,  None,  None,  None,  None,  None,  None,  None,  None,  None,  521,  None,  0.0,  0.0, 
1010,  8291,  completed,  eof,  2016-05-24 12:44:10,  2016-05-24 12:45:15,  65,  modelParams|clParams|alpha_0.1.modelParams|sensorParams|encoders|field15:n_521.modelParams|sensorParams|encoders|_classifierInput|n_521,  4000,  None,  None,  521,  None,  None,  0.1,  None,  None,  None,  None,  None,  None,  None,  None,  None,  None,  None,  None,  None,  None,  None,  None,  521,  None,  None,  0.0,  0.0, 
1010,  8292,  completed,  eof,  2016-05-24 12:44:11,  2016-05-24 12:45:19,  68,  modelParams|sensorParams|encoders|_classifierInput|n_521.modelParams|clParams|alpha_0.1.modelParams|sensorParams|encoders|field16:n_521,  4000,  None,  None,  521,  None,  None,  0.1,  None,  None,  None,  None,  None,  None,  None,  None,  None,  None,  None,  None,  None,  521,  None,  None,  None,  None,  None,  0.0,  0.0, 
1010,  8303,  completed,  eof,  2016-05-24 12:44:13,  2016-05-24 12:45:23,  70,  modelParams|sensorParams|encoders|field17:n_521.modelParams|clParams|alpha_0.1.modelParams|sensorParams|encoders|_classifierInput|n_521,  4000,  None,  None,  521,  None,  None,  0.1,  None,  None,  None,  None,  None,  None,  None,  None,  None,  None,  None,  None,  None,  None,  None,  None,  None,  None,  521,  0.0,  0.0, 
1010,  8304,  completed,  eof,  2016-05-24 12:44:18,  2016-05-24 12:45:32,  74,  modelParams|clParams|alpha_0.1.modelParams|sensorParams|encoders|_classifierInput|n_521.modelParams|sensorParams|encoders|field18:n_521,  4000,  521,  None,  521,  None,  None,  0.1,  None,  None,  None,  None,  None,  None,  None,  None,  None,  None,  None,  None,  None,  None,  None,  None,  None,  None,  None,  0.0,  0.0, 
1010,  8305,  completed,  eof,  2016-05-24 12:44:20,  2016-05-24 12:45:33,  73,  modelParams|clParams|alpha_0.1.modelParams|sensorParams|encoders|_classifierInput|n_521.modelParams|sensorParams|encoders|field19:n_521,  4000,  None,  521,  521,  None,  None,  0.1,  None,  None,  None,  None,  None,  None,  None,  None,  None,  None,  None,  None,  None,  None,  None,  None,  None,  None,  None,  0.0,  0.0, 
1010,  8306,  completed,  eof,  2016-05-24 12:44:59,  2016-05-24 12:46:12,  73,  modelParams|clParams|alpha_0.1.modelParams|sensorParams|encoders|_classifierInput|n_521.modelParams|sensorParams|encoders|field2:n_521,  4000,  None,  None,  521,  None,  None,  0.1,  None,  None,  None,  None,  521,  None,  None,  None,  None,  None,  None,  None,  None,  None,  None,  None,  None,  None,  None,  0.0,  0.0, 
1010,  8307,  completed,  eof,  2016-05-24 12:45:11,  2016-05-24 12:46:28,  77,  modelParams|clParams|alpha_0.1.modelParams|sensorParams|encoders|_classifierInput|n_521.modelParams|sensorParams|encoders|field20:n_521,  4000,  None,  None,  521,  None,  None,  0.1,  None,  None,  None,  None,  None,  None,  None,  521,  None,  None,  None,  None,  None,  None,  None,  None,  None,  None,  None,  0.0,  0.0, 
1010,  8308,  completed,  eof,  2016-05-24 12:45:15,  2016-05-24 12:46:30,  75,  modelParams|sensorParams|encoders|field21:n_521.modelParams|sensorParams|encoders|_classifierInput|n_521.modelParams|clParams|alpha_0.1,  4000,  None,  None,  521,  None,  None,  0.1,  None,  None,  None,  521,  None,  None,  None,  None,  None,  None,  None,  None,  None,  None,  None,  None,  None,  None,  None,  0.0,  0.0, 
1010,  8309,  completed,  eof,  2016-05-24 12:45:16,  2016-05-24 12:46:33,  77,  modelParams|clParams|alpha_0.1.modelParams|sensorParams|encoders|_classifierInput|n_521.modelParams|sensorParams|encoders|field22:n_521,  4000,  None,  None,  521,  521,  None,  0.1,  None,  None,  None,  None,  None,  None,  None,  None,  None,  None,  None,  None,  None,  None,  None,  None,  None,  None,  None,  0.0,  0.0, 
1010,  8310,  completed,  eof,  2016-05-24 12:45:20,  2016-05-24 12:46:35,  75,  modelParams|sensorParams|encoders|field23:n_521.modelParams|clParams|alpha_0.1.modelParams|sensorParams|encoders|_classifierInput|n_521,  4000,  None,  None,  521,  None,  None,  0.1,  521,  None,  None,  None,  None,  None,  None,  None,  None,  None,  None,  None,  None,  None,  None,  None,  None,  None,  None,  0.0,  0.0, 
1010,  8311,  completed,  eof,  2016-05-24 12:45:24,  2016-05-24 12:46:36,  72,  modelParams|clParams|alpha_0.1.modelParams|sensorParams|encoders|field24:n_521.modelParams|sensorParams|encoders|_classifierInput|n_521,  4000,  None,  None,  521,  None,  None,  0.1,  None,  None,  None,  None,  None,  None,  None,  None,  None,  521,  None,  None,  None,  None,  None,  None,  None,  None,  None,  0.0,  0.0, 
1010,  8312,  completed,  eof,  2016-05-24 12:45:33,  2016-05-24 12:46:51,  78,  modelParams|clParams|alpha_0.1.modelParams|sensorParams|encoders|field3:n_521.modelParams|sensorParams|encoders|_classifierInput|n_521,  4000,  None,  None,  521,  None,  None,  0.1,  None,  521,  None,  None,  None,  None,  None,  None,  None,  None,  None,  None,  None,  None,  None,  None,  None,  None,  None,  0.0,  0.0, 
1010,  8313,  completed,  eof,  2016-05-24 12:45:34,  2016-05-24 12:46:50,  76,  modelParams|sensorParams|encoders|field4:n_521.modelParams|clParams|alpha_0.1.modelParams|sensorParams|encoders|_classifierInput|n_521,  4000,  None,  None,  521,  None,  None,  0.1,  None,  None,  None,  None,  None,  None,  None,  None,  521,  None,  None,  None,  None,  None,  None,  None,  None,  None,  None,  0.0,  0.0, 
1010,  8314,  completed,  eof,  2016-05-24 12:46:12,  2016-05-24 12:47:25,  73,  modelParams|clParams|alpha_0.1.modelParams|sensorParams|encoders|_classifierInput|n_521.modelParams|sensorParams|encoders|field5:n_521,  4000,  None,  None,  521,  None,  None,  0.1,  None,  None,  521,  None,  None,  None,  None,  None,  None,  None,  None,  None,  None,  None,  None,  None,  None,  None,  None,  0.0,  0.0, 
1010,  8315,  completed,  eof,  2016-05-24 12:46:29,  2016-05-24 12:47:43,  74,  modelParams|sensorParams|encoders|field6:n_521.modelParams|sensorParams|encoders|_classifierInput|n_521.modelParams|clParams|alpha_0.1,  4000,  None,  None,  521,  None,  None,  0.1,  None,  None,  None,  None,  None,  None,  521,  None,  None,  None,  None,  None,  None,  None,  None,  None,  None,  None,  None,  0.0,  0.0, 
1010,  8316,  completed,  eof,  2016-05-24 12:46:31,  2016-05-24 12:47:46,  75,  modelParams|clParams|alpha_0.1.modelParams|sensorParams|encoders|_classifierInput|n_521.modelParams|sensorParams|encoders|field7:n_521,  4000,  None,  None,  521,  None,  None,  0.1,  None,  None,  None,  None,  None,  None,  None,  None,  None,  None,  None,  None,  521,  None,  None,  None,  None,  None,  None,  0.0,  0.0, 
1010,  8317,  completed,  eof,  2016-05-24 12:46:34,  2016-05-24 12:47:51,  77,  modelParams|sensorParams|encoders|_classifierInput|n_521.modelParams|clParams|alpha_0.1.modelParams|sensorParams|encoders|field8:n_521,  4000,  None,  None,  521,  None,  None,  0.1,  None,  None,  None,  None,  None,  None,  None,  None,  None,  None,  521,  None,  None,  None,  None,  None,  None,  None,  None,  0.0,  0.0, 
1010,  8318,  completed,  eof,  2016-05-24 12:46:35,  2016-05-24 12:47:50,  75,  modelParams|sensorParams|encoders|field9:n_521.modelParams|clParams|alpha_0.1.modelParams|sensorParams|encoders|_classifierInput|n_521,  4000,  None,  None,  521,  None,  None,  0.1,  None,  None,  None,  None,  None,  None,  None,  None,  None,  None,  None,  None,  None,  None,  521,  None,  None,  None,  None,  0.0,  0.0, 
1010,  8319,  completed,  eof,  2016-05-24 12:46:36,  2016-05-24 12:47:49,  73,  modelParams|sensorParams|encoders|field1:n_147.modelParams|clParams|alpha_0.025075.modelParams|sensorParams|encoders|_classifierInput|n_151,  4000,  None,  None,  151,  None,  147,  0.025075,  None,  None,  None,  None,  None,  None,  None,  None,  None,  None,  None,  None,  None,  None,  None,  None,  None,  None,  None,  0.0,  0.0, 
1010,  8320,  completed,  eof,  2016-05-24 12:46:51,  2016-05-24 12:48:01,  70,  modelParams|sensorParams|encoders|field10:n_147.modelParams|sensorParams|encoders|_classifierInput|n_151.modelParams|clParams|alpha_0.025075,  4000,  None,  None,  151,  None,  None,  0.025075,  None,  None,  None,  None,  None,  None,  None,  None,  None,  None,  None,  147,  None,  None,  None,  None,  None,  None,  None,  0.0,  0.0, 
1010,  8321,  completed,  eof,  2016-05-24 12:46:51,  2016-05-24 12:48:02,  71,  modelParams|clParams|alpha_0.025075.modelParams|sensorParams|encoders|_classifierInput|n_151.modelParams|sensorParams|encoders|field11:n_147,  4000,  None,  None,  151,  None,  None,  0.025075,  None,  None,  None,  None,  None,  None,  None,  None,  None,  None,  None,  None,  None,  None,  None,  147,  None,  None,  None,  0.0,  0.0, 
1010,  8322,  completed,  eof,  2016-05-24 12:47:26,  2016-05-24 12:48:37,  71,  modelParams|sensorParams|encoders|field12:n_147.modelParams|clParams|alpha_0.025075.modelParams|sensorParams|encoders|_classifierInput|n_151,  4000,  None,  None,  151,  None,  None,  0.025075,  None,  None,  None,  None,  None,  147,  None,  None,  None,  None,  None,  None,  None,  None,  None,  None,  None,  None,  None,  0.0,  0.0, 
1010,  8323,  completed,  eof,  2016-05-24 12:47:44,  2016-05-24 12:48:55,  71,  modelParams|clParams|alpha_0.025075.modelParams|sensorParams|encoders|_classifierInput|n_151.modelParams|sensorParams|encoders|field13:n_147,  4000,  None,  None,  151,  None,  None,  0.025075,  None,  None,  None,  None,  None,  None,  None,  None,  None,  None,  None,  None,  None,  None,  None,  None,  None,  147,  None,  0.0,  0.0, 
1010,  8324,  completed,  eof,  2016-05-24 12:47:47,  2016-05-24 12:48:58,  71,  modelParams|clParams|alpha_0.025075.modelParams|sensorParams|encoders|field15:n_147.modelParams|sensorParams|encoders|_classifierInput|n_151,  4000,  None,  None,  151,  None,  None,  0.025075,  None,  None,  None,  None,  None,  None,  None,  None,  None,  None,  None,  None,  None,  None,  None,  None,  147,  None,  None,  0.0,  0.0, 
1010,  8325,  completed,  eof,  2016-05-24 12:47:50,  2016-05-24 12:49:01,  71,  modelParams|sensorParams|encoders|_classifierInput|n_151.modelParams|clParams|alpha_0.025075.modelParams|sensorParams|encoders|field16:n_147,  4000,  None,  None,  151,  None,  None,  0.025075,  None,  None,  None,  None,  None,  None,  None,  None,  None,  None,  None,  None,  None,  147,  None,  None,  None,  None,  None,  0.0,  0.0, 
1010,  8326,  completed,  eof,  2016-05-24 12:47:51,  2016-05-24 12:49:02,  71,  modelParams|sensorParams|encoders|field17:n_147.modelParams|clParams|alpha_0.025075.modelParams|sensorParams|encoders|_classifierInput|n_151,  4000,  None,  None,  151,  None,  None,  0.025075,  None,  None,  None,  None,  None,  None,  None,  None,  None,  None,  None,  None,  None,  None,  None,  None,  None,  None,  147,  0.0,  0.0, 
1010,  8327,  completed,  eof,  2016-05-24 12:47:52,  2016-05-24 12:49:02,  70,  modelParams|clParams|alpha_0.025075.modelParams|sensorParams|encoders|_classifierInput|n_151.modelParams|sensorParams|encoders|field18:n_147,  4000,  147,  None,  151,  None,  None,  0.025075,  None,  None,  None,  None,  None,  None,  None,  None,  None,  None,  None,  None,  None,  None,  None,  None,  None,  None,  None,  0.0,  0.0, 
1010,  8328,  completed,  eof,  2016-05-24 12:48:02,  2016-05-24 12:49:11,  69,  modelParams|clParams|alpha_0.025075.modelParams|sensorParams|encoders|_classifierInput|n_151.modelParams|sensorParams|encoders|field19:n_147,  4000,  None,  147,  151,  None,  None,  0.025075,  None,  None,  None,  None,  None,  None,  None,  None,  None,  None,  None,  None,  None,  None,  None,  None,  None,  None,  None,  0.0,  0.0, 
1010,  8329,  completed,  eof,  2016-05-24 12:48:03,  2016-05-24 12:49:12,  69,  modelParams|clParams|alpha_0.025075.modelParams|sensorParams|encoders|_classifierInput|n_151.modelParams|sensorParams|encoders|field2:n_147,  4000,  None,  None,  151,  None,  None,  0.025075,  None,  None,  None,  None,  147,  None,  None,  None,  None,  None,  None,  None,  None,  None,  None,  None,  None,  None,  None,  0.0,  0.0, 
1010,  8330,  completed,  eof,  2016-05-24 12:48:37,  2016-05-24 12:49:47,  70,  modelParams|clParams|alpha_0.025075.modelParams|sensorParams|encoders|_classifierInput|n_151.modelParams|sensorParams|encoders|field20:n_147,  4000,  None,  None,  151,  None,  None,  0.025075,  None,  None,  None,  None,  None,  None,  None,  147,  None,  None,  None,  None,  None,  None,  None,  None,  None,  None,  None,  0.0,  0.0, 
1010,  8331,  completed,  eof,  2016-05-24 12:48:56,  2016-05-24 12:50:10,  74,  modelParams|sensorParams|encoders|field21:n_147.modelParams|sensorParams|encoders|_classifierInput|n_151.modelParams|clParams|alpha_0.025075,  4000,  None,  None,  151,  None,  None,  0.025075,  None,  None,  None,  147,  None,  None,  None,  None,  None,  None,  None,  None,  None,  None,  None,  None,  None,  None,  None,  0.0,  0.0, 
1010,  8332,  completed,  eof,  2016-05-24 12:48:59,  2016-05-24 12:50:08,  69,  modelParams|clParams|alpha_0.025075.modelParams|sensorParams|encoders|_classifierInput|n_151.modelParams|sensorParams|encoders|field22:n_147,  4000,  None,  None,  151,  147,  None,  0.025075,  None,  None,  None,  None,  None,  None,  None,  None,  None,  None,  None,  None,  None,  None,  None,  None,  None,  None,  None,  0.0,  0.0, 
1010,  8333,  completed,  eof,  2016-05-24 12:49:01,  2016-05-24 12:50:11,  70,  modelParams|sensorParams|encoders|field23:n_147.modelParams|clParams|alpha_0.025075.modelParams|sensorParams|encoders|_classifierInput|n_151,  4000,  None,  None,  151,  None,  None,  0.025075,  147,  None,  None,  None,  None,  None,  None,  None,  None,  None,  None,  None,  None,  None,  None,  None,  None,  None,  None,  0.0,  0.0, 
1010,  8334,  completed,  eof,  2016-05-24 12:49:02,  2016-05-24 12:50:16,  74,  modelParams|clParams|alpha_0.025075.modelParams|sensorParams|encoders|field24:n_147.modelParams|sensorParams|encoders|_classifierInput|n_151,  4000,  None,  None,  151,  None,  None,  0.025075,  None,  None,  None,  None,  None,  None,  None,  None,  None,  147,  None,  None,  None,  None,  None,  None,  None,  None,  None,  0.0,  0.0, 
1010,  8335,  completed,  eof,  2016-05-24 12:49:03,  2016-05-24 12:50:15,  72,  modelParams|clParams|alpha_0.025075.modelParams|sensorParams|encoders|field3:n_147.modelParams|sensorParams|encoders|_classifierInput|n_151,  4000,  None,  None,  151,  None,  None,  0.025075,  None,  147,  None,  None,  None,  None,  None,  None,  None,  None,  None,  None,  None,  None,  None,  None,  None,  None,  None,  0.0,  0.0, 
1010,  8336,  completed,  eof,  2016-05-24 12:49:12,  2016-05-24 12:50:25,  73,  modelParams|sensorParams|encoders|field4:n_147.modelParams|clParams|alpha_0.025075.modelParams|sensorParams|encoders|_classifierInput|n_151,  4000,  None,  None,  151,  None,  None,  0.025075,  None,  None,  None,  None,  None,  None,  None,  None,  147,  None,  None,  None,  None,  None,  None,  None,  None,  None,  None,  0.0,  0.0, 
1010,  8347,  completed,  eof,  2016-05-24 12:49:14,  2016-05-24 12:50:23,  69,  modelParams|clParams|alpha_0.025075.modelParams|sensorParams|encoders|_classifierInput|n_151.modelParams|sensorParams|encoders|field5:n_147,  4000,  None,  None,  151,  None,  None,  0.025075,  None,  None,  147,  None,  None,  None,  None,  None,  None,  None,  None,  None,  None,  None,  None,  None,  None,  None,  None,  0.0,  0.0, 
1010,  8348,  completed,  eof,  2016-05-24 12:49:47,  2016-05-24 12:50:58,  71,  modelParams|sensorParams|encoders|field6:n_147.modelParams|sensorParams|encoders|_classifierInput|n_151.modelParams|clParams|alpha_0.025075,  4000,  None,  None,  151,  None,  None,  0.025075,  None,  None,  None,  None,  None,  None,  147,  None,  None,  None,  None,  None,  None,  None,  None,  None,  None,  None,  None,  0.0,  0.0, 
1010,  8349,  completed,  eof,  2016-05-24 12:50:09,  2016-05-24 12:51:22,  73,  modelParams|clParams|alpha_0.025075.modelParams|sensorParams|encoders|_classifierInput|n_151.modelParams|sensorParams|encoders|field7:n_147,  4000,  None,  None,  151,  None,  None,  0.025075,  None,  None,  None,  None,  None,  None,  None,  None,  None,  None,  None,  None,  147,  None,  None,  None,  None,  None,  None,  0.0,  0.0, 
1010,  8350,  completed,  eof,  2016-05-24 12:50:11,  2016-05-24 12:51:20,  69,  modelParams|sensorParams|encoders|_classifierInput|n_151.modelParams|clParams|alpha_0.025075.modelParams|sensorParams|encoders|field8:n_147,  4000,  None,  None,  151,  None,  None,  0.025075,  None,  None,  None,  None,  None,  None,  None,  None,  None,  None,  147,  None,  None,  None,  None,  None,  None,  None,  None,  0.0,  0.0, 
1010,  8351,  completed,  eof,  2016-05-24 12:50:12,  2016-05-24 12:51:25,  73,  modelParams|sensorParams|encoders|field9:n_147.modelParams|clParams|alpha_0.025075.modelParams|sensorParams|encoders|_classifierInput|n_151,  4000,  None,  None,  151,  None,  None,  0.025075,  None,  None,  None,  None,  None,  None,  None,  None,  None,  None,  None,  None,  None,  None,  147,  None,  None,  None,  None,  0.0,  0.0, 
1010,  8352,  completed,  eof,  2016-05-24 12:50:16,  2016-05-24 12:51:29,  73,  modelParams|sensorParams|encoders|field1:n_396.modelParams|clParams|alpha_0.075025.modelParams|sensorParams|encoders|_classifierInput|n_398,  4000,  None,  None,  398,  None,  396,  0.075025,  None,  None,  None,  None,  None,  None,  None,  None,  None,  None,  None,  None,  None,  None,  None,  None,  None,  None,  None,  0.0,  0.0, 
1010,  8353,  completed,  eof,  2016-05-24 12:50:17,  2016-05-24 12:51:32,  75,  modelParams|sensorParams|encoders|field10:n_396.modelParams|sensorParams|encoders|_classifierInput|n_398.modelParams|clParams|alpha_0.075025,  4000,  None,  None,  398,  None,  None,  0.075025,  None,  None,  None,  None,  None,  None,  None,  None,  None,  None,  None,  396,  None,  None,  None,  None,  None,  None,  None,  0.0,  0.0, 
1010,  8354,  completed,  eof,  2016-05-24 12:50:24,  2016-05-24 12:51:37,  73,  modelParams|clParams|alpha_0.075025.modelParams|sensorParams|encoders|_classifierInput|n_398.modelParams|sensorParams|encoders|field11:n_396,  4000,  None,  None,  398,  None,  None,  0.075025,  None,  None,  None,  None,  None,  None,  None,  None,  None,  None,  None,  None,  None,  None,  None,  396,  None,  None,  None,  0.0,  0.0, 
1010,  8355,  completed,  eof,  2016-05-24 12:50:25,  2016-05-24 12:51:39,  74,  modelParams|sensorParams|encoders|field12:n_396.modelParams|clParams|alpha_0.075025.modelParams|sensorParams|encoders|_classifierInput|n_398,  4000,  None,  None,  398,  None,  None,  0.075025,  None,  None,  None,  None,  None,  396,  None,  None,  None,  None,  None,  None,  None,  None,  None,  None,  None,  None,  None,  0.0,  0.0, 
1010,  8356,  completed,  eof,  2016-05-24 12:50:59,  2016-05-24 12:52:10,  71,  modelParams|clParams|alpha_0.075025.modelParams|sensorParams|encoders|_classifierInput|n_398.modelParams|sensorParams|encoders|field13:n_396,  4000,  None,  None,  398,  None,  None,  0.075025,  None,  None,  None,  None,  None,  None,  None,  None,  None,  None,  None,  None,  None,  None,  None,  None,  None,  396,  None,  0.0,  0.0, 
1010,  8357,  completed,  eof,  2016-05-24 12:51:21,  2016-05-24 12:52:37,  76,  modelParams|clParams|alpha_0.075025.modelParams|sensorParams|encoders|field15:n_396.modelParams|sensorParams|encoders|_classifierInput|n_398,  4000,  None,  None,  398,  None,  None,  0.075025,  None,  None,  None,  None,  None,  None,  None,  None,  None,  None,  None,  None,  None,  None,  None,  None,  396,  None,  None,  0.0,  0.0, 
1010,  8358,  completed,  eof,  2016-05-24 12:51:23,  2016-05-24 12:52:36,  73,  modelParams|sensorParams|encoders|_classifierInput|n_398.modelParams|clParams|alpha_0.075025.modelParams|sensorParams|encoders|field16:n_396,  4000,  None,  None,  398,  None,  None,  0.075025,  None,  None,  None,  None,  None,  None,  None,  None,  None,  None,  None,  None,  None,  396,  None,  None,  None,  None,  None,  0.0,  0.0, 
1010,  8359,  completed,  eof,  2016-05-24 12:51:25,  2016-05-24 12:52:40,  75,  modelParams|sensorParams|encoders|field17:n_396.modelParams|clParams|alpha_0.075025.modelParams|sensorParams|encoders|_classifierInput|n_398,  4000,  None,  None,  398,  None,  None,  0.075025,  None,  None,  None,  None,  None,  None,  None,  None,  None,  None,  None,  None,  None,  None,  None,  None,  None,  None,  396,  0.0,  0.0, 
1010,  8360,  completed,  eof,  2016-05-24 12:51:29,  2016-05-24 12:52:44,  75,  modelParams|clParams|alpha_0.075025.modelParams|sensorParams|encoders|_classifierInput|n_398.modelParams|sensorParams|encoders|field18:n_396,  4000,  396,  None,  398,  None,  None,  0.075025,  None,  None,  None,  None,  None,  None,  None,  None,  None,  None,  None,  None,  None,  None,  None,  None,  None,  None,  None,  0.0,  0.0, 
1010,  8361,  completed,  eof,  2016-05-24 12:51:33,  2016-05-24 12:52:49,  76,  modelParams|clParams|alpha_0.075025.modelParams|sensorParams|encoders|_classifierInput|n_398.modelParams|sensorParams|encoders|field19:n_396,  4000,  None,  396,  398,  None,  None,  0.075025,  None,  None,  None,  None,  None,  None,  None,  None,  None,  None,  None,  None,  None,  None,  None,  None,  None,  None,  None,  0.0,  0.0, 
1010,  8362,  completed,  eof,  2016-05-24 12:51:37,  2016-05-24 12:52:52,  75,  modelParams|clParams|alpha_0.075025.modelParams|sensorParams|encoders|_classifierInput|n_398.modelParams|sensorParams|encoders|field2:n_396,  4000,  None,  None,  398,  None,  None,  0.075025,  None,  None,  None,  None,  396,  None,  None,  None,  None,  None,  None,  None,  None,  None,  None,  None,  None,  None,  None,  0.0,  0.0, 
1010,  8363,  completed,  eof,  2016-05-24 12:51:40,  2016-05-24 12:52:54,  74,  modelParams|clParams|alpha_0.075025.modelParams|sensorParams|encoders|_classifierInput|n_398.modelParams|sensorParams|encoders|field20:n_396,  4000,  None,  None,  398,  None,  None,  0.075025,  None,  None,  None,  None,  None,  None,  None,  396,  None,  None,  None,  None,  None,  None,  None,  None,  None,  None,  None,  0.0,  0.0, 
1010,  8364,  completed,  eof,  2016-05-24 12:52:12,  2016-05-24 12:53:22,  70,  modelParams|sensorParams|encoders|field21:n_396.modelParams|sensorParams|encoders|_classifierInput|n_398.modelParams|clParams|alpha_0.075025,  4000,  None,  None,  398,  None,  None,  0.075025,  None,  None,  None,  396,  None,  None,  None,  None,  None,  None,  None,  None,  None,  None,  None,  None,  None,  None,  None,  0.0,  0.0, 
1010,  8365,  completed,  eof,  2016-05-24 12:52:37,  2016-05-24 12:53:54,  77,  modelParams|clParams|alpha_0.075025.modelParams|sensorParams|encoders|_classifierInput|n_398.modelParams|sensorParams|encoders|field22:n_396,  4000,  None,  None,  398,  396,  None,  0.075025,  None,  None,  None,  None,  None,  None,  None,  None,  None,  None,  None,  None,  None,  None,  None,  None,  None,  None,  None,  0.0,  0.0, 
1010,  8366,  completed,  eof,  2016-05-24 12:52:38,  2016-05-24 12:53:53,  75,  modelParams|sensorParams|encoders|field23:n_396.modelParams|clParams|alpha_0.075025.modelParams|sensorParams|encoders|_classifierInput|n_398,  4000,  None,  None,  398,  None,  None,  0.075025,  396,  None,  None,  None,  None,  None,  None,  None,  None,  None,  None,  None,  None,  None,  None,  None,  None,  None,  None,  0.0,  0.0, 
1010,  8367,  completed,  eof,  2016-05-24 12:52:42,  2016-05-24 12:53:53,  71,  modelParams|clParams|alpha_0.075025.modelParams|sensorParams|encoders|field24:n_396.modelParams|sensorParams|encoders|_classifierInput|n_398,  4000,  None,  None,  398,  None,  None,  0.075025,  None,  None,  None,  None,  None,  None,  None,  None,  None,  396,  None,  None,  None,  None,  None,  None,  None,  None,  None,  0.0,  0.0, 
1010,  8368,  completed,  eof,  2016-05-24 12:52:45,  2016-05-24 12:53:59,  74,  modelParams|clParams|alpha_0.075025.modelParams|sensorParams|encoders|field3:n_396.modelParams|sensorParams|encoders|_classifierInput|n_398,  4000,  None,  None,  398,  None,  None,  0.075025,  None,  396,  None,  None,  None,  None,  None,  None,  None,  None,  None,  None,  None,  None,  None,  None,  None,  None,  None,  0.0,  0.0, 
1010,  8369,  completed,  eof,  2016-05-24 12:52:50,  2016-05-24 12:54:02,  72,  modelParams|sensorParams|encoders|field4:n_396.modelParams|clParams|alpha_0.075025.modelParams|sensorParams|encoders|_classifierInput|n_398,  4000,  None,  None,  398,  None,  None,  0.075025,  None,  None,  None,  None,  None,  None,  None,  None,  396,  None,  None,  None,  None,  None,  None,  None,  None,  None,  None,  0.0,  0.0, 
1010,  8370,  completed,  eof,  2016-05-24 12:52:53,  2016-05-24 12:54:06,  73,  modelParams|clParams|alpha_0.075025.modelParams|sensorParams|encoders|_classifierInput|n_398.modelParams|sensorParams|encoders|field5:n_396,  4000,  None,  None,  398,  None,  None,  0.075025,  None,  None,  396,  None,  None,  None,  None,  None,  None,  None,  None,  None,  None,  None,  None,  None,  None,  None,  None,  0.0,  0.0, 
1010,  8371,  completed,  eof,  2016-05-24 12:52:55,  2016-05-24 12:54:10,  75,  modelParams|sensorParams|encoders|field6:n_396.modelParams|sensorParams|encoders|_classifierInput|n_398.modelParams|clParams|alpha_0.075025,  4000,  None,  None,  398,  None,  None,  0.075025,  None,  None,  None,  None,  None,  None,  396,  None,  None,  None,  None,  None,  None,  None,  None,  None,  None,  None,  None,  0.0,  0.0, 
1010,  8372,  completed,  eof,  2016-05-24 12:53:23,  2016-05-24 12:54:35,  72,  modelParams|clParams|alpha_0.075025.modelParams|sensorParams|encoders|_classifierInput|n_398.modelParams|sensorParams|encoders|field7:n_396,  4000,  None,  None,  398,  None,  None,  0.075025,  None,  None,  None,  None,  None,  None,  None,  None,  None,  None,  None,  None,  396,  None,  None,  None,  None,  None,  None,  0.0,  0.0, 
1010,  8373,  completed,  eof,  2016-05-24 12:53:54,  2016-05-24 12:55:08,  74,  modelParams|sensorParams|encoders|_classifierInput|n_398.modelParams|clParams|alpha_0.075025.modelParams|sensorParams|encoders|field8:n_396,  4000,  None,  None,  398,  None,  None,  0.075025,  None,  None,  None,  None,  None,  None,  None,  None,  None,  None,  396,  None,  None,  None,  None,  None,  None,  None,  None,  0.0,  0.0, 
1010,  8388,  completed,  eof,  2016-05-24 12:53:56,  2016-05-24 12:55:10,  74,  modelParams|sensorParams|encoders|field9:n_396.modelParams|clParams|alpha_0.075025.modelParams|sensorParams|encoders|_classifierInput|n_398,  4000,  None,  None,  398,  None,  None,  0.075025,  None,  None,  None,  None,  None,  None,  None,  None,  None,  None,  None,  None,  None,  None,  396,  None,  None,  None,  None,  0.0,  0.0, 
1010,  8395,  completed,  eof,  2016-05-24 12:53:57,  2016-05-24 12:55:10,  73,  modelParams|sensorParams|encoders|field1:n_296.modelParams|clParams|alpha_0.055045.modelParams|sensorParams|encoders|_classifierInput|n_299,  4000,  None,  None,  299,  None,  296,  0.055045,  None,  None,  None,  None,  None,  None,  None,  None,  None,  None,  None,  None,  None,  None,  None,  None,  None,  None,  None,  0.0,  0.0, 
1010,  8396,  completed,  eof,  2016-05-24 12:54:01,  2016-05-24 12:55:13,  72,  modelParams|sensorParams|encoders|field10:n_296.modelParams|sensorParams|encoders|_classifierInput|n_299.modelParams|clParams|alpha_0.055045,  4000,  None,  None,  299,  None,  None,  0.055045,  None,  None,  None,  None,  None,  None,  None,  None,  None,  None,  None,  296,  None,  None,  None,  None,  None,  None,  None,  0.0,  0.0, 
1010,  8397,  completed,  eof,  2016-05-24 12:54:03,  2016-05-24 12:55:17,  74,  modelParams|clParams|alpha_0.055045.modelParams|sensorParams|encoders|_classifierInput|n_299.modelParams|sensorParams|encoders|field11:n_296,  4000,  None,  None,  299,  None,  None,  0.055045,  None,  None,  None,  None,  None,  None,  None,  None,  None,  None,  None,  None,  None,  None,  None,  296,  None,  None,  None,  0.0,  0.0, 
1010,  8398,  completed,  eof,  2016-05-24 12:54:07,  2016-05-24 12:55:22,  75,  modelParams|sensorParams|encoders|field12:n_296.modelParams|clParams|alpha_0.055045.modelParams|sensorParams|encoders|_classifierInput|n_299,  4000,  None,  None,  299,  None,  None,  0.055045,  None,  None,  None,  None,  None,  296,  None,  None,  None,  None,  None,  None,  None,  None,  None,  None,  None,  None,  None,  0.0,  0.0, 
1010,  8399,  completed,  eof,  2016-05-24 12:54:11,  2016-05-24 12:55:23,  72,  modelParams|clParams|alpha_0.055045.modelParams|sensorParams|encoders|_classifierInput|n_299.modelParams|sensorParams|encoders|field13:n_296,  4000,  None,  None,  299,  None,  None,  0.055045,  None,  None,  None,  None,  None,  None,  None,  None,  None,  None,  None,  None,  None,  None,  None,  None,  None,  296,  None,  0.0,  0.0, 
1010,  8400,  completed,  eof,  2016-05-24 12:54:36,  2016-05-24 12:55:45,  69,  modelParams|clParams|alpha_0.055045.modelParams|sensorParams|encoders|field15:n_296.modelParams|sensorParams|encoders|_classifierInput|n_299,  4000,  None,  None,  299,  None,  None,  0.055045,  None,  None,  None,  None,  None,  None,  None,  None,  None,  None,  None,  None,  None,  None,  None,  None,  296,  None,  None,  0.0,  0.0, 
1010,  8401,  completed,  eof,  2016-05-24 12:55:09,  2016-05-24 12:56:22,  73,  modelParams|sensorParams|encoders|_classifierInput|n_299.modelParams|clParams|alpha_0.055045.modelParams|sensorParams|encoders|field16:n_296,  4000,  None,  None,  299,  None,  None,  0.055045,  None,  None,  None,  None,  None,  None,  None,  None,  None,  None,  None,  None,  None,  296,  None,  None,  None,  None,  None,  0.0,  0.0, 
1010,  8402,  completed,  eof,  2016-05-24 12:55:11,  2016-05-24 12:56:24,  73,  modelParams|sensorParams|encoders|field17:n_296.modelParams|clParams|alpha_0.055045.modelParams|sensorParams|encoders|_classifierInput|n_299,  4000,  None,  None,  299,  None,  None,  0.055045,  None,  None,  None,  None,  None,  None,  None,  None,  None,  None,  None,  None,  None,  None,  None,  None,  None,  None,  296,  0.0,  0.0, 
1010,  8403,  completed,  eof,  2016-05-24 12:55:12,  2016-05-24 12:56:25,  73,  modelParams|clParams|alpha_0.055045.modelParams|sensorParams|encoders|_classifierInput|n_299.modelParams|sensorParams|encoders|field18:n_296,  4000,  296,  None,  299,  None,  None,  0.055045,  None,  None,  None,  None,  None,  None,  None,  None,  None,  None,  None,  None,  None,  None,  None,  None,  None,  None,  None,  0.0,  0.0, 
1010,  8404,  completed,  eof,  2016-05-24 12:55:15,  2016-05-24 12:56:30,  75,  modelParams|clParams|alpha_0.055045.modelParams|sensorParams|encoders|_classifierInput|n_299.modelParams|sensorParams|encoders|field19:n_296,  4000,  None,  296,  299,  None,  None,  0.055045,  None,  None,  None,  None,  None,  None,  None,  None,  None,  None,  None,  None,  None,  None,  None,  None,  None,  None,  None,  0.0,  0.0, 
1010,  8405,  completed,  eof,  2016-05-24 12:55:18,  2016-05-24 12:56:30,  72,  modelParams|clParams|alpha_0.055045.modelParams|sensorParams|encoders|_classifierInput|n_299.modelParams|sensorParams|encoders|field2:n_296,  4000,  None,  None,  299,  None,  None,  0.055045,  None,  None,  None,  None,  296,  None,  None,  None,  None,  None,  None,  None,  None,  None,  None,  None,  None,  None,  None,  0.0,  0.0, 
1010,  8406,  completed,  eof,  2016-05-24 12:55:23,  2016-05-24 12:56:39,  76,  modelParams|clParams|alpha_0.055045.modelParams|sensorParams|encoders|_classifierInput|n_299.modelParams|sensorParams|encoders|field20:n_296,  4000,  None,  None,  299,  None,  None,  0.055045,  None,  None,  None,  None,  None,  None,  None,  296,  None,  None,  None,  None,  None,  None,  None,  None,  None,  None,  None,  0.0,  0.0, 
1010,  8407,  completed,  eof,  2016-05-24 12:55:24,  2016-05-24 12:56:39,  75,  modelParams|sensorParams|encoders|field21:n_296.modelParams|sensorParams|encoders|_classifierInput|n_299.modelParams|clParams|alpha_0.055045,  4000,  None,  None,  299,  None,  None,  0.055045,  None,  None,  None,  296,  None,  None,  None,  None,  None,  None,  None,  None,  None,  None,  None,  None,  None,  None,  None,  0.0,  0.0, 
1010,  8408,  completed,  eof,  2016-05-24 12:55:46,  2016-05-24 12:56:57,  71,  modelParams|clParams|alpha_0.055045.modelParams|sensorParams|encoders|_classifierInput|n_299.modelParams|sensorParams|encoders|field22:n_296,  4000,  None,  None,  299,  296,  None,  0.055045,  None,  None,  None,  None,  None,  None,  None,  None,  None,  None,  None,  None,  None,  None,  None,  None,  None,  None,  None,  0.0,  0.0, 
1010,  8409,  completed,  eof,  2016-05-24 12:56:23,  2016-05-24 12:57:33,  70,  modelParams|sensorParams|encoders|field23:n_296.modelParams|clParams|alpha_0.055045.modelParams|sensorParams|encoders|_classifierInput|n_299,  4000,  None,  None,  299,  None,  None,  0.055045,  296,  None,  None,  None,  None,  None,  None,  None,  None,  None,  None,  None,  None,  None,  None,  None,  None,  None,  None,  0.0,  0.0, 
1010,  8410,  completed,  eof,  2016-05-24 12:56:24,  2016-05-24 12:57:41,  77,  modelParams|clParams|alpha_0.055045.modelParams|sensorParams|encoders|field24:n_296.modelParams|sensorParams|encoders|_classifierInput|n_299,  4000,  None,  None,  299,  None,  None,  0.055045,  None,  None,  None,  None,  None,  None,  None,  None,  None,  296,  None,  None,  None,  None,  None,  None,  None,  None,  None,  0.0,  0.0, 
1010,  8411,  completed,  eof,  2016-05-24 12:56:26,  2016-05-24 12:57:39,  73,  modelParams|clParams|alpha_0.055045.modelParams|sensorParams|encoders|field3:n_296.modelParams|sensorParams|encoders|_classifierInput|n_299,  4000,  None,  None,  299,  None,  None,  0.055045,  None,  296,  None,  None,  None,  None,  None,  None,  None,  None,  None,  None,  None,  None,  None,  None,  None,  None,  None,  0.0,  0.0, 
1010,  8412,  completed,  eof,  2016-05-24 12:56:31,  2016-05-24 12:57:44,  73,  modelParams|sensorParams|encoders|field4:n_296.modelParams|clParams|alpha_0.055045.modelParams|sensorParams|encoders|_classifierInput|n_299,  4000,  None,  None,  299,  None,  None,  0.055045,  None,  None,  None,  None,  None,  None,  None,  None,  296,  None,  None,  None,  None,  None,  None,  None,  None,  None,  None,  0.0,  0.0, 
1010,  8413,  completed,  eof,  2016-05-24 12:56:32,  2016-05-24 12:57:49,  77,  modelParams|clParams|alpha_0.055045.modelParams|sensorParams|encoders|_classifierInput|n_299.modelParams|sensorParams|encoders|field5:n_296,  4000,  None,  None,  299,  None,  None,  0.055045,  None,  None,  296,  None,  None,  None,  None,  None,  None,  None,  None,  None,  None,  None,  None,  None,  None,  None,  None,  0.0,  0.0, 
1010,  8414,  completed,  eof,  2016-05-24 12:56:39,  2016-05-24 12:57:57,  78,  modelParams|sensorParams|encoders|field6:n_296.modelParams|sensorParams|encoders|_classifierInput|n_299.modelParams|clParams|alpha_0.055045,  4000,  None,  None,  299,  None,  None,  0.055045,  None,  None,  None,  None,  None,  None,  296,  None,  None,  None,  None,  None,  None,  None,  None,  None,  None,  None,  None,  0.0,  0.0, 
1010,  8415,  completed,  eof,  2016-05-24 12:56:40,  2016-05-24 12:57:59,  79,  modelParams|clParams|alpha_0.055045.modelParams|sensorParams|encoders|_classifierInput|n_299.modelParams|sensorParams|encoders|field7:n_296,  4000,  None,  None,  299,  None,  None,  0.055045,  None,  None,  None,  None,  None,  None,  None,  None,  None,  None,  None,  None,  296,  None,  None,  None,  None,  None,  None,  0.0,  0.0, 
1010,  8416,  completed,  eof,  2016-05-24 12:56:57,  2016-05-24 12:58:20,  83,  modelParams|sensorParams|encoders|_classifierInput|n_299.modelParams|clParams|alpha_0.055045.modelParams|sensorParams|encoders|field8:n_296,  4000,  None,  None,  299,  None,  None,  0.055045,  None,  None,  None,  None,  None,  None,  None,  None,  None,  None,  296,  None,  None,  None,  None,  None,  None,  None,  None,  0.0,  0.0, 
1010,  8417,  completed,  eof,  2016-05-24 12:57:34,  2016-05-24 12:58:46,  72,  modelParams|sensorParams|encoders|field9:n_296.modelParams|clParams|alpha_0.055045.modelParams|sensorParams|encoders|_classifierInput|n_299,  4000,  None,  None,  299,  None,  None,  0.055045,  None,  None,  None,  None,  None,  None,  None,  None,  None,  None,  None,  None,  None,  None,  296,  None,  None,  None,  None,  0.0,  0.0, 
1010,  8418,  completed,  eof,  2016-05-24 12:57:39,  2016-05-24 12:58:50,  71,  modelParams|sensorParams|encoders|field1:n_219.modelParams|clParams|alpha_0.0585754557587.modelParams|sensorParams|encoders|_classifierInput|n_203,  4000,  None,  None,  203,  None,  219,  0.0585754557587,  None,  None,  None,  None,  None,  None,  None,  None,  None,  None,  None,  None,  None,  None,  None,  None,  None,  None,  None,  0.0,  0.0, 
1010,  8419,  completed,  eof,  2016-05-24 12:57:42,  2016-05-24 12:58:52,  70,  modelParams|sensorParams|encoders|field10:n_315.modelParams|sensorParams|encoders|_classifierInput|n_203.modelParams|clParams|alpha_0.0395247505482,  4000,  None,  None,  203,  None,  None,  0.0395247505482,  None,  None,  None,  None,  None,  None,  None,  None,  None,  None,  None,  315,  None,  None,  None,  None,  None,  None,  None,  0.0,  0.0, 
1010,  8420,  completed,  eof,  2016-05-24 12:57:44,  2016-05-24 12:58:52,  68,  modelParams|clParams|alpha_0.0395247505482.modelParams|sensorParams|encoders|_classifierInput|n_203.modelParams|sensorParams|encoders|field11:n_315,  4000,  None,  None,  203,  None,  None,  0.0395247505482,  None,  None,  None,  None,  None,  None,  None,  None,  None,  None,  None,  None,  None,  None,  None,  315,  None,  None,  None,  0.0,  0.0, 
1010,  8421,  completed,  eof,  2016-05-24 12:57:50,  2016-05-24 12:58:57,  67,  modelParams|sensorParams|encoders|field12:n_315.modelParams|clParams|alpha_0.0395247505482.modelParams|sensorParams|encoders|_classifierInput|n_203,  4000,  None,  None,  203,  None,  None,  0.0395247505482,  None,  None,  None,  None,  None,  315,  None,  None,  None,  None,  None,  None,  None,  None,  None,  None,  None,  None,  None,  0.0,  0.0, 
1010,  8422,  completed,  eof,  2016-05-24 12:57:58,  2016-05-24 12:59:03,  65,  modelParams|clParams|alpha_0.0395247505482.modelParams|sensorParams|encoders|_classifierInput|n_203.modelParams|sensorParams|encoders|field13:n_315,  4000,  None,  None,  203,  None,  None,  0.0395247505482,  None,  None,  None,  None,  None,  None,  None,  None,  None,  None,  None,  None,  None,  None,  None,  None,  None,  315,  None,  0.0,  0.0, 
1010,  8423,  completed,  eof,  2016-05-24 12:58:08,  2016-05-24 12:59:07,  59,  modelParams|clParams|alpha_0.0395247505482.modelParams|sensorParams|encoders|field15:n_315.modelParams|sensorParams|encoders|_classifierInput|n_203,  4000,  None,  None,  203,  None,  None,  0.0395247505482,  None,  None,  None,  None,  None,  None,  None,  None,  None,  None,  None,  None,  None,  None,  None,  None,  315,  None,  None,  0.0,  0.0, 
1010,  8424,  completed,  eof,  2016-05-24 12:58:20,  2016-05-24 12:59:21,  61,  modelParams|sensorParams|encoders|_classifierInput|n_203.modelParams|clParams|alpha_0.0395247505482.modelParams|sensorParams|encoders|field16:n_315,  4000,  None,  None,  203,  None,  None,  0.0395247505482,  None,  None,  None,  None,  None,  None,  None,  None,  None,  None,  None,  None,  None,  315,  None,  None,  None,  None,  None,  0.0,  0.0, 
1010,  8425,  completed,  eof,  2016-05-24 12:58:47,  2016-05-24 12:59:47,  60,  modelParams|sensorParams|encoders|field17:n_315.modelParams|clParams|alpha_0.0395247505482.modelParams|sensorParams|encoders|_classifierInput|n_203,  4000,  None,  None,  203,  None,  None,  0.0395247505482,  None,  None,  None,  None,  None,  None,  None,  None,  None,  None,  None,  None,  None,  None,  None,  None,  None,  None,  315,  0.0,  0.0, 
1010,  8426,  completed,  eof,  2016-05-24 12:58:51,  2016-05-24 12:59:54,  63,  modelParams|clParams|alpha_0.0485854557587.modelParams|sensorParams|encoders|_classifierInput|n_272.modelParams|sensorParams|encoders|field18:n_200,  4000,  200,  None,  272,  None,  None,  0.0485854557587,  None,  None,  None,  None,  None,  None,  None,  None,  None,  None,  None,  None,  None,  None,  None,  None,  None,  None,  None,  0.0,  0.0, 
1010,  8427,  completed,  eof,  2016-05-24 12:58:52,  2016-05-24 12:59:54,  62,  modelParams|clParams|alpha_0.0485854557587.modelParams|sensorParams|encoders|_classifierInput|n_272.modelParams|sensorParams|encoders|field19:n_200,  4000,  None,  200,  272,  None,  None,  0.0485854557587,  None,  None,  None,  None,  None,  None,  None,  None,  None,  None,  None,  None,  None,  None,  None,  None,  None,  None,  None,  0.0,  0.0, 
1010,  8428,  completed,  eof,  2016-05-24 12:58:53,  2016-05-24 12:59:54,  61,  modelParams|clParams|alpha_0.0395247505482.modelParams|sensorParams|encoders|_classifierInput|n_203.modelParams|sensorParams|encoders|field2:n_315,  4000,  None,  None,  203,  None,  None,  0.0395247505482,  None,  None,  None,  None,  315,  None,  None,  None,  None,  None,  None,  None,  None,  None,  None,  None,  None,  None,  None,  0.0,  0.0, 
1010,  8429,  completed,  eof,  2016-05-24 12:58:57,  2016-05-24 12:59:56,  59,  modelParams|clParams|alpha_0.0395247505482.modelParams|sensorParams|encoders|_classifierInput|n_203.modelParams|sensorParams|encoders|field20:n_315,  4000,  None,  None,  203,  None,  None,  0.0395247505482,  None,  None,  None,  None,  None,  None,  None,  315,  None,  None,  None,  None,  None,  None,  None,  None,  None,  None,  None,  0.0,  0.0, 
1010,  8430,  completed,  eof,  2016-05-24 12:59:04,  2016-05-24 13:00:06,  62,  modelParams|sensorParams|encoders|field21:n_315.modelParams|sensorParams|encoders|_classifierInput|n_203.modelParams|clParams|alpha_0.0395247505482,  4000,  None,  None,  203,  None,  None,  0.0395247505482,  None,  None,  None,  315,  None,  None,  None,  None,  None,  None,  None,  None,  None,  None,  None,  None,  None,  None,  None,  0.0,  0.0, 
1010,  8431,  completed,  eof,  2016-05-24 12:59:08,  2016-05-24 13:00:05,  57,  modelParams|clParams|alpha_0.0585754557587.modelParams|sensorParams|encoders|_classifierInput|n_203.modelParams|sensorParams|encoders|field22:n_219,  4000,  None,  None,  203,  219,  None,  0.0585754557587,  None,  None,  None,  None,  None,  None,  None,  None,  None,  None,  None,  None,  None,  None,  None,  None,  None,  None,  None,  0.0,  0.0, 
1010,  8432,  completed,  eof,  2016-05-24 12:59:22,  2016-05-24 13:00:17,  55,  modelParams|sensorParams|encoders|field23:n_315.modelParams|clParams|alpha_0.0395247505482.modelParams|sensorParams|encoders|_classifierInput|n_203,  4000,  None,  None,  203,  None,  None,  0.0395247505482,  315,  None,  None,  None,  None,  None,  None,  None,  None,  None,  None,  None,  None,  None,  None,  None,  None,  None,  None,  0.0,  0.0, 
1010,  8433,  completed,  eof,  2016-05-24 12:59:48,  2016-05-24 13:00:46,  58,  modelParams|clParams|alpha_0.0395247505482.modelParams|sensorParams|encoders|field24:n_315.modelParams|sensorParams|encoders|_classifierInput|n_203,  4000,  None,  None,  203,  None,  None,  0.0395247505482,  None,  None,  None,  None,  None,  None,  None,  None,  None,  315,  None,  None,  None,  None,  None,  None,  None,  None,  None,  0.0,  0.0, 
1010,  8434,  completed,  eof,  2016-05-24 12:59:55,  2016-05-24 13:00:51,  56,  modelParams|clParams|alpha_0.0395247505482.modelParams|sensorParams|encoders|field3:n_315.modelParams|sensorParams|encoders|_classifierInput|n_203,  4000,  None,  None,  203,  None,  None,  0.0395247505482,  None,  315,  None,  None,  None,  None,  None,  None,  None,  None,  None,  None,  None,  None,  None,  None,  None,  None,  None,  0.0,  0.0, 
1010,  8435,  completed,  eof,  2016-05-24 12:59:55,  2016-05-24 13:00:51,  56,  modelParams|sensorParams|encoders|field4:n_315.modelParams|clParams|alpha_0.0395247505482.modelParams|sensorParams|encoders|_classifierInput|n_203,  4000,  None,  None,  203,  None,  None,  0.0395247505482,  None,  None,  None,  None,  None,  None,  None,  None,  315,  None,  None,  None,  None,  None,  None,  None,  None,  None,  None,  0.0,  0.0, 
1010,  8436,  completed,  eof,  2016-05-24 12:59:56,  2016-05-24 13:00:53,  57,  modelParams|clParams|alpha_0.0395247505482.modelParams|sensorParams|encoders|_classifierInput|n_203.modelParams|sensorParams|encoders|field5:n_315,  4000,  None,  None,  203,  None,  None,  0.0395247505482,  None,  None,  315,  None,  None,  None,  None,  None,  None,  None,  None,  None,  None,  None,  None,  None,  None,  None,  None,  0.0,  0.0, 
1010,  8437,  completed,  eof,  2016-05-24 12:59:57,  2016-05-24 13:00:55,  58,  modelParams|sensorParams|encoders|field6:n_315.modelParams|sensorParams|encoders|_classifierInput|n_203.modelParams|clParams|alpha_0.0395247505482,  4000,  None,  None,  203,  None,  None,  0.0395247505482,  None,  None,  None,  None,  None,  None,  315,  None,  None,  None,  None,  None,  None,  None,  None,  None,  None,  None,  None,  0.0,  0.0, 
1010,  8438,  completed,  eof,  2016-05-24 13:00:05,  2016-05-24 13:01:04,  59,  modelParams|clParams|alpha_0.0395247505482.modelParams|sensorParams|encoders|_classifierInput|n_203.modelParams|sensorParams|encoders|field7:n_315,  4000,  None,  None,  203,  None,  None,  0.0395247505482,  None,  None,  None,  None,  None,  None,  None,  None,  None,  None,  None,  None,  315,  None,  None,  None,  None,  None,  None,  0.0,  0.0, 
1010,  8439,  completed,  eof,  2016-05-24 13:00:07,  2016-05-24 13:01:05,  58,  modelParams|sensorParams|encoders|_classifierInput|n_203.modelParams|clParams|alpha_0.0395247505482.modelParams|sensorParams|encoders|field8:n_315,  4000,  None,  None,  203,  None,  None,  0.0395247505482,  None,  None,  None,  None,  None,  None,  None,  None,  None,  None,  315,  None,  None,  None,  None,  None,  None,  None,  None,  0.0,  0.0, 
1010,  8440,  completed,  eof,  2016-05-24 13:00:17,  2016-05-24 13:01:12,  55,  modelParams|sensorParams|encoders|field9:n_315.modelParams|clParams|alpha_0.0395247505482.modelParams|sensorParams|encoders|_classifierInput|n_203,  4000,  None,  None,  203,  None,  None,  0.0395247505482,  None,  None,  None,  None,  None,  None,  None,  None,  None,  None,  None,  None,  None,  None,  315,  None,  None,  None,  None,  0.0,  0.0, 
1010,  8441,  completed,  eof,  2016-05-24 13:00:46,  2016-05-24 13:01:45,  59,  modelParams|sensorParams|encoders|field1:n_325.modelParams|clParams|alpha_0.0515145442413.modelParams|sensorParams|encoders|_classifierInput|n_297,  4000,  None,  None,  297,  None,  325,  0.0515145442413,  None,  None,  None,  None,  None,  None,  None,  None,  None,  None,  None,  None,  None,  None,  None,  None,  None,  None,  None,  0.0,  0.0, 
1010,  8442,  completed,  eof,  2016-05-24 13:00:52,  2016-05-24 13:01:49,  57,  modelParams|sensorParams|encoders|field10:n_279.modelParams|sensorParams|encoders|_classifierInput|n_297.modelParams|clParams|alpha_0.0605752494518,  4000,  None,  None,  297,  None,  None,  0.0605752494518,  None,  None,  None,  None,  None,  None,  None,  None,  None,  None,  None,  279,  None,  None,  None,  None,  None,  None,  None,  0.0,  0.0, 
1010,  8443,  completed,  eof,  2016-05-24 13:00:53,  2016-05-24 13:01:50,  57,  modelParams|clParams|alpha_0.0605752494518.modelParams|sensorParams|encoders|_classifierInput|n_297.modelParams|sensorParams|encoders|field11:n_279,  4000,  None,  None,  297,  None,  None,  0.0605752494518,  None,  None,  None,  None,  None,  None,  None,  None,  None,  None,  None,  None,  None,  None,  None,  279,  None,  None,  None,  0.0,  0.0, 
1010,  8444,  completed,  eof,  2016-05-24 13:00:53,  2016-05-24 13:01:50,  57,  modelParams|sensorParams|encoders|field12:n_279.modelParams|clParams|alpha_0.0605752494518.modelParams|sensorParams|encoders|_classifierInput|n_297,  4000,  None,  None,  297,  None,  None,  0.0605752494518,  None,  None,  None,  None,  None,  279,  None,  None,  None,  None,  None,  None,  None,  None,  None,  None,  None,  None,  None,  0.0,  0.0, 
1010,  8445,  completed,  eof,  2016-05-24 13:00:56,  2016-05-24 13:01:56,  60,  modelParams|clParams|alpha_0.0605752494518.modelParams|sensorParams|encoders|_classifierInput|n_297.modelParams|sensorParams|encoders|field13:n_279,  4000,  None,  None,  297,  None,  None,  0.0605752494518,  None,  None,  None,  None,  None,  None,  None,  None,  None,  None,  None,  None,  None,  None,  None,  None,  None,  279,  None,  0.0,  0.0, 
1010,  8446,  completed,  eof,  2016-05-24 13:01:04,  2016-05-24 13:02:04,  60,  modelParams|clParams|alpha_0.0605752494518.modelParams|sensorParams|encoders|field15:n_279.modelParams|sensorParams|encoders|_classifierInput|n_297,  4000,  None,  None,  297,  None,  None,  0.0605752494518,  None,  None,  None,  None,  None,  None,  None,  None,  None,  None,  None,  None,  None,  None,  None,  None,  279,  None,  None,  0.0,  0.0, 
1010,  8447,  completed,  eof,  2016-05-24 13:01:05,  2016-05-24 13:02:05,  60,  modelParams|sensorParams|encoders|_classifierInput|n_297.modelParams|clParams|alpha_0.0605752494518.modelParams|sensorParams|encoders|field16:n_279,  4000,  None,  None,  297,  None,  None,  0.0605752494518,  None,  None,  None,  None,  None,  None,  None,  None,  None,  None,  None,  None,  None,  279,  None,  None,  None,  None,  None,  0.0,  0.0, 
1010,  8448,  completed,  eof,  2016-05-24 13:01:13,  2016-05-24 13:02:15,  62,  modelParams|sensorParams|encoders|field17:n_279.modelParams|clParams|alpha_0.0605752494518.modelParams|sensorParams|encoders|_classifierInput|n_297,  4000,  None,  None,  297,  None,  None,  0.0605752494518,  None,  None,  None,  None,  None,  None,  None,  None,  None,  None,  None,  None,  None,  None,  None,  None,  None,  None,  279,  0.0,  0.0, 
1010,  8449,  completed,  eof,  2016-05-24 13:01:45,  2016-05-24 13:02:56,  71,  modelParams|clParams|alpha_0.0515145442413.modelParams|sensorParams|encoders|_classifierInput|n_327.modelParams|sensorParams|encoders|field18:n_294,  4000,  294,  None,  327,  None,  None,  0.0515145442413,  None,  None,  None,  None,  None,  None,  None,  None,  None,  None,  None,  None,  None,  None,  None,  None,  None,  None,  None,  0.0,  0.0, 
1010,  8450,  completed,  eof,  2016-05-24 13:01:50,  2016-05-24 13:03:09,  79,  modelParams|clParams|alpha_0.0515145442413.modelParams|sensorParams|encoders|_classifierInput|n_327.modelParams|sensorParams|encoders|field19:n_294,  4000,  None,  294,  327,  None,  None,  0.0515145442413,  None,  None,  None,  None,  None,  None,  None,  None,  None,  None,  None,  None,  None,  None,  None,  None,  None,  None,  None,  0.0,  0.0, 
1010,  8451,  completed,  eof,  2016-05-24 13:01:51,  2016-05-24 13:03:06,  75,  modelParams|clParams|alpha_0.0605752494518.modelParams|sensorParams|encoders|_classifierInput|n_297.modelParams|sensorParams|encoders|field2:n_279,  4000,  None,  None,  297,  None,  None,  0.0605752494518,  None,  None,  None,  None,  279,  None,  None,  None,  None,  None,  None,  None,  None,  None,  None,  None,  None,  None,  None,  0.0,  0.0, 
1010,  8452,  completed,  eof,  2016-05-24 13:01:52,  2016-05-24 13:03:10,  78,  modelParams|clParams|alpha_0.0605752494518.modelParams|sensorParams|encoders|_classifierInput|n_297.modelParams|sensorParams|encoders|field20:n_279,  4000,  None,  None,  297,  None,  None,  0.0605752494518,  None,  None,  None,  None,  None,  None,  None,  279,  None,  None,  None,  None,  None,  None,  None,  None,  None,  None,  None,  0.0,  0.0, 
1010,  8453,  completed,  eof,  2016-05-24 13:01:57,  2016-05-24 13:03:17,  80,  modelParams|sensorParams|encoders|field21:n_279.modelParams|sensorParams|encoders|_classifierInput|n_297.modelParams|clParams|alpha_0.0605752494518,  4000,  None,  None,  297,  None,  None,  0.0605752494518,  None,  None,  None,  279,  None,  None,  None,  None,  None,  None,  None,  None,  None,  None,  None,  None,  None,  None,  None,  0.0,  0.0, 
1010,  8454,  completed,  eof,  2016-05-24 13:02:05,  2016-05-24 13:03:27,  82,  modelParams|clParams|alpha_0.0515145442413.modelParams|sensorParams|encoders|_classifierInput|n_297.modelParams|sensorParams|encoders|field22:n_325,  4000,  None,  None,  297,  325,  None,  0.0515145442413,  None,  None,  None,  None,  None,  None,  None,  None,  None,  None,  None,  None,  None,  None,  None,  None,  None,  None,  None,  0.0,  0.0, 
1010,  8455,  completed,  eof,  2016-05-24 13:02:05,  2016-05-24 13:03:30,  85,  modelParams|sensorParams|encoders|field23:n_279.modelParams|clParams|alpha_0.0605752494518.modelParams|sensorParams|encoders|_classifierInput|n_297,  4000,  None,  None,  297,  None,  None,  0.0605752494518,  279,  None,  None,  None,  None,  None,  None,  None,  None,  None,  None,  None,  None,  None,  None,  None,  None,  None,  None,  0.0,  0.0, 
1010,  8456,  completed,  eof,  2016-05-24 13:02:16,  2016-05-24 13:03:35,  79,  modelParams|clParams|alpha_0.0605752494518.modelParams|sensorParams|encoders|field24:n_279.modelParams|sensorParams|encoders|_classifierInput|n_297,  4000,  None,  None,  297,  None,  None,  0.0605752494518,  None,  None,  None,  None,  None,  None,  None,  None,  None,  279,  None,  None,  None,  None,  None,  None,  None,  None,  None,  0.0,  0.0, 
1010,  8457,  completed,  eof,  2016-05-24 13:02:57,  2016-05-24 13:04:21,  84,  modelParams|clParams|alpha_0.0605752494518.modelParams|sensorParams|encoders|field3:n_279.modelParams|sensorParams|encoders|_classifierInput|n_297,  4000,  None,  None,  297,  None,  None,  0.0605752494518,  None,  279,  None,  None,  None,  None,  None,  None,  None,  None,  None,  None,  None,  None,  None,  None,  None,  None,  None,  0.0,  0.0, 
1010,  8458,  completed,  eof,  2016-05-24 13:03:07,  2016-05-24 13:04:28,  81,  modelParams|sensorParams|encoders|field4:n_279.modelParams|clParams|alpha_0.0605752494518.modelParams|sensorParams|encoders|_classifierInput|n_297,  4000,  None,  None,  297,  None,  None,  0.0605752494518,  None,  None,  None,  None,  None,  None,  None,  None,  279,  None,  None,  None,  None,  None,  None,  None,  None,  None,  None,  0.0,  0.0, 
1010,  8459,  completed,  eof,  2016-05-24 13:03:09,  2016-05-24 13:04:34,  85,  modelParams|clParams|alpha_0.0605752494518.modelParams|sensorParams|encoders|_classifierInput|n_297.modelParams|sensorParams|encoders|field5:n_279,  4000,  None,  None,  297,  None,  None,  0.0605752494518,  None,  None,  279,  None,  None,  None,  None,  None,  None,  None,  None,  None,  None,  None,  None,  None,  None,  None,  None,  0.0,  0.0, 
1010,  8460,  completed,  eof,  2016-05-24 13:03:10,  2016-05-24 13:04:37,  87,  modelParams|sensorParams|encoders|field6:n_279.modelParams|sensorParams|encoders|_classifierInput|n_297.modelParams|clParams|alpha_0.0605752494518,  4000,  None,  None,  297,  None,  None,  0.0605752494518,  None,  None,  None,  None,  None,  None,  279,  None,  None,  None,  None,  None,  None,  None,  None,  None,  None,  None,  None,  0.0,  0.0, 
1010,  8461,  completed,  eof,  2016-05-24 13:03:18,  2016-05-24 13:04:43,  85,  modelParams|clParams|alpha_0.0605752494518.modelParams|sensorParams|encoders|_classifierInput|n_297.modelParams|sensorParams|encoders|field7:n_279,  4000,  None,  None,  297,  None,  None,  0.0605752494518,  None,  None,  None,  None,  None,  None,  None,  None,  None,  None,  None,  None,  279,  None,  None,  None,  None,  None,  None,  0.0,  0.0, 
1010,  8462,  completed,  eof,  2016-05-24 13:03:28,  2016-05-24 13:04:51,  83,  modelParams|sensorParams|encoders|_classifierInput|n_297.modelParams|clParams|alpha_0.0605752494518.modelParams|sensorParams|encoders|field8:n_279,  4000,  None,  None,  297,  None,  None,  0.0605752494518,  None,  None,  None,  None,  None,  None,  None,  None,  None,  None,  279,  None,  None,  None,  None,  None,  None,  None,  None,  0.0,  0.0, 
1010,  8463,  completed,  eof,  2016-05-24 13:03:31,  2016-05-24 13:04:54,  83,  modelParams|sensorParams|encoders|field9:n_279.modelParams|clParams|alpha_0.0605752494518.modelParams|sensorParams|encoders|_classifierInput|n_297,  4000,  None,  None,  297,  None,  None,  0.0605752494518,  None,  None,  None,  None,  None,  None,  None,  None,  None,  None,  None,  None,  None,  None,  279,  None,  None,  None,  None,  0.0,  0.0, 
1010,  8464,  completed,  eof,  2016-05-24 13:03:36,  2016-05-24 13:04:59,  83,  modelParams|sensorParams|encoders|field1:n_233.modelParams|clParams|alpha_0.0468202278794.modelParams|sensorParams|encoders|_classifierInput|n_227,  4000,  None,  None,  227,  None,  233,  0.0468202278794,  None,  None,  None,  None,  None,  None,  None,  None,  None,  None,  None,  None,  None,  None,  None,  None,  None,  None,  None,  0.0,  0.0, 
1010,  8465,  completed,  eof,  2016-05-24 13:04:22,  2016-05-24 13:05:44,  82,  modelParams|sensorParams|encoders|field10:n_256.modelParams|sensorParams|encoders|_classifierInput|n_227.modelParams|clParams|alpha_0.0422898752741,  4000,  None,  None,  227,  None,  None,  0.0422898752741,  None,  None,  None,  None,  None,  None,  None,  None,  None,  None,  None,  256,  None,  None,  None,  None,  None,  None,  None,  0.0,  0.0, 
1010,  8466,  completed,  eof,  2016-05-24 13:04:29,  2016-05-24 13:05:50,  81,  modelParams|clParams|alpha_0.0422898752741.modelParams|sensorParams|encoders|_classifierInput|n_227.modelParams|sensorParams|encoders|field11:n_256,  4000,  None,  None,  227,  None,  None,  0.0422898752741,  None,  None,  None,  None,  None,  None,  None,  None,  None,  None,  None,  None,  None,  None,  None,  256,  None,  None,  None,  0.0,  0.0, 
1010,  8467,  completed,  eof,  2016-05-24 13:04:34,  2016-05-24 13:05:58,  84,  modelParams|sensorParams|encoders|field12:n_256.modelParams|clParams|alpha_0.0422898752741.modelParams|sensorParams|encoders|_classifierInput|n_227,  4000,  None,  None,  227,  None,  None,  0.0422898752741,  None,  None,  None,  None,  None,  256,  None,  None,  None,  None,  None,  None,  None,  None,  None,  None,  None,  None,  None,  0.0,  0.0, 
1010,  8468,  completed,  eof,  2016-05-24 13:04:38,  2016-05-24 13:06:02,  84,  modelParams|clParams|alpha_0.0422898752741.modelParams|sensorParams|encoders|_classifierInput|n_227.modelParams|sensorParams|encoders|field13:n_256,  4000,  None,  None,  227,  None,  None,  0.0422898752741,  None,  None,  None,  None,  None,  None,  None,  None,  None,  None,  None,  None,  None,  None,  None,  None,  None,  256,  None,  0.0,  0.0, 
1010,  8469,  completed,  eof,  2016-05-24 13:04:44,  2016-05-24 13:06:07,  83,  modelParams|clParams|alpha_0.0422898752741.modelParams|sensorParams|encoders|field15:n_256.modelParams|sensorParams|encoders|_classifierInput|n_227,  4000,  None,  None,  227,  None,  None,  0.0422898752741,  None,  None,  None,  None,  None,  None,  None,  None,  None,  None,  None,  None,  None,  None,  None,  None,  256,  None,  None,  0.0,  0.0, 
1010,  8470,  completed,  eof,  2016-05-24 13:04:52,  2016-05-24 13:06:15,  83,  modelParams|sensorParams|encoders|_classifierInput|n_227.modelParams|clParams|alpha_0.0422898752741.modelParams|sensorParams|encoders|field16:n_256,  4000,  None,  None,  227,  None,  None,  0.0422898752741,  None,  None,  None,  None,  None,  None,  None,  None,  None,  None,  None,  None,  None,  256,  None,  None,  None,  None,  None,  0.0,  0.0, 
1010,  8471,  completed,  eof,  2016-05-24 13:04:55,  2016-05-24 13:06:21,  86,  modelParams|sensorParams|encoders|field17:n_256.modelParams|clParams|alpha_0.0422898752741.modelParams|sensorParams|encoders|_classifierInput|n_227,  4000,  None,  None,  227,  None,  None,  0.0422898752741,  None,  None,  None,  None,  None,  None,  None,  None,  None,  None,  None,  None,  None,  None,  None,  None,  None,  None,  256,  0.0,  0.0, 
1010,  8472,  completed,  eof,  2016-05-24 13:04:59,  2016-05-24 13:06:25,  86,  modelParams|clParams|alpha_0.0468202278794.modelParams|sensorParams|encoders|_classifierInput|n_237.modelParams|sensorParams|encoders|field18:n_223,  4000,  223,  None,  237,  None,  None,  0.0468202278794,  None,  None,  None,  None,  None,  None,  None,  None,  None,  None,  None,  None,  None,  None,  None,  None,  None,  None,  None,  0.0,  0.0, 
1010,  8473,  completed,  eof,  2016-05-24 13:05:45,  2016-05-24 13:07:02,  77,  modelParams|clParams|alpha_0.0468202278794.modelParams|sensorParams|encoders|_classifierInput|n_237.modelParams|sensorParams|encoders|field19:n_223,  4000,  None,  223,  237,  None,  None,  0.0468202278794,  None,  None,  None,  None,  None,  None,  None,  None,  None,  None,  None,  None,  None,  None,  None,  None,  None,  None,  None,  0.0,  0.0, 
1010,  8474,  completed,  eof,  2016-05-24 13:05:51,  2016-05-24 13:07:07,  76,  modelParams|clParams|alpha_0.0422898752741.modelParams|sensorParams|encoders|_classifierInput|n_227.modelParams|sensorParams|encoders|field2:n_256,  4000,  None,  None,  227,  None,  None,  0.0422898752741,  None,  None,  None,  None,  256,  None,  None,  None,  None,  None,  None,  None,  None,  None,  None,  None,  None,  None,  None,  0.0,  0.0, 
1010,  8475,  completed,  eof,  2016-05-24 13:05:59,  2016-05-24 13:07:12,  73,  modelParams|clParams|alpha_0.0422898752741.modelParams|sensorParams|encoders|_classifierInput|n_227.modelParams|sensorParams|encoders|field20:n_256,  4000,  None,  None,  227,  None,  None,  0.0422898752741,  None,  None,  None,  None,  None,  None,  None,  256,  None,  None,  None,  None,  None,  None,  None,  None,  None,  None,  None,  0.0,  0.0, 
1010,  8476,  completed,  eof,  2016-05-24 13:06:03,  2016-05-24 13:07:13,  70,  modelParams|sensorParams|encoders|field21:n_256.modelParams|sensorParams|encoders|_classifierInput|n_227.modelParams|clParams|alpha_0.0422898752741,  4000,  None,  None,  227,  None,  None,  0.0422898752741,  None,  None,  None,  256,  None,  None,  None,  None,  None,  None,  None,  None,  None,  None,  None,  None,  None,  None,  None,  0.0,  0.0, 
1010,  8477,  completed,  eof,  2016-05-24 13:06:08,  2016-05-24 13:07:15,  67,  modelParams|clParams|alpha_0.0468202278794.modelParams|sensorParams|encoders|_classifierInput|n_227.modelParams|sensorParams|encoders|field22:n_233,  4000,  None,  None,  227,  233,  None,  0.0468202278794,  None,  None,  None,  None,  None,  None,  None,  None,  None,  None,  None,  None,  None,  None,  None,  None,  None,  None,  None,  0.0,  0.0, 
1010,  8478,  completed,  eof,  2016-05-24 13:06:15,  2016-05-24 13:07:18,  63,  modelParams|sensorParams|encoders|field23:n_256.modelParams|clParams|alpha_0.0422898752741.modelParams|sensorParams|encoders|_classifierInput|n_227,  4000,  None,  None,  227,  None,  None,  0.0422898752741,  256,  None,  None,  None,  None,  None,  None,  None,  None,  None,  None,  None,  None,  None,  None,  None,  None,  None,  None,  0.0,  0.0, 
1010,  8479,  completed,  eof,  2016-05-24 13:06:22,  2016-05-24 13:07:20,  58,  modelParams|clParams|alpha_0.0422898752741.modelParams|sensorParams|encoders|field24:n_256.modelParams|sensorParams|encoders|_classifierInput|n_227,  4000,  None,  None,  227,  None,  None,  0.0422898752741,  None,  None,  None,  None,  None,  None,  None,  None,  None,  256,  None,  None,  None,  None,  None,  None,  None,  None,  None,  0.0,  0.0, 
